grouping,section,fips,co_state,originID,destinationID,travel_dist_km,travel_time_min
h20,1,17111,McHenry_IL,1,2,230.6617198,167.0736135
h20,1,17007,Boone_IL,2,2,191.8042269,118.2246186
h20,1,17141,Ogle_IL,3,2,168.3242374,101.1029281
h20,1,17197,Will_IL,4,2,158.9021047,104.4170443
h20,1,17099,LaSalle_IL,5,2,80.73342856,52.80485941
h20,1,17011,Bureau_IL,6,2,97.82353702,74.13429803
h20,1,17073,Henry_IL,7,2,172.7013332,100.1967874
h20,1,17063,Grundy_IL,8,2,98.73406211,63.80502757
h20,1,17131,Mercer_IL,9,3,158.9692921,109.8561311
h20,1,17155,Putnam_IL,10,2,60.53287539,45.19246979
h20,1,17113,McLean_IL,11,2,66.02722638,45.37276196
h20,1,17179,Tazewell_IL,12,2,69.14464793,55.34994361
h20,1,17057,Fulton_IL,13,2,121.2641634,97.89821825
h20,1,17001,Adams_IL,14,5,200.5712582,140.1388005
h20,1,17019,Champaign_IL,15,2,140.9645953,79.53169637
h20,1,17107,Logan_IL,16,2,116.9876629,82.81722611
h20,1,17147,Piatt_IL,17,2,143.694586,87.609999
h20,1,17175,Stark_IL,18,2,89.26687895,66.57058522
h20,1,17095,Knox_IL,19,2,112.096082,74.87742242
h20,1,17123,Marshall_IL,20,2,41.72537316,30.25902942
h20,1,17105,Livingston_IL,21,2,53.55122622,41.7407134
h20,1,17071,Henderson_IL,22,2,176.8516681,126.2425163
h20,1,17187,Warren_IL,23,2,156.3051782,111.417666
h20,1,17075,Iroquois_IL,24,2,129.3173009,97.30379083
h20,1,17143,Peoria_IL,25,2,63.64072796,48.93888504
h20,1,17203,Woodford_IL,26,2,8.572631141,7.255338114
h20,1,17015,Carroll_IL,27,3,223.8638184,139.4439016
h20,1,17089,Kane_IL,28,2,187.2274839,117.5723024
h20,1,17037,DeKalb_IL,29,2,148.9241949,93.69287013
h20,1,17031,Cook_IL,30,2,188.0444197,125.4746388
h20,1,17161,RockIsland_IL,31,3,140.3486375,83.56489661
h20,1,17093,Kendall_IL,32,2,146.1573716,91.68377745
h20,1,17091,Kankakee_IL,33,2,129.1992674,92.57405164
h20,1,17053,Ford_IL,34,2,114.5210113,84.78784666
h20,1,17129,Menard_IL,35,2,136.1715026,107.2392063
h20,1,17125,Mason_IL,36,2,112.3837097,98.61657181
h20,1,17039,DeWitt_IL,37,2,103.5427016,65.68477623
h20,1,17169,Schuyler_IL,38,2,171.8760983,133.0136804
h20,1,17067,Hancock_IL,39,3,223.2725766,147.3784382
h20,1,17009,Brown_IL,40,2,192.0086532,147.3757116
h20,1,17041,Douglas_IL,41,2,179.9512516,100.5527111
h20,1,17149,Pike_IL,42,5,199.9947886,130.4714528
h20,1,17017,Cass_IL,43,2,167.2100855,129.1819541
h20,1,17035,Cumberland_IL,44,4,149.1750039,113.9222636
h20,1,17013,Calhoun_IL,45,5,246.9561394,172.9977615
h20,1,17025,Clay_IL,46,4,69.81215174,50.3635038
h20,1,17083,Jersey_IL,47,4,221.7183834,147.2947974
h20,1,17049,Effingham_IL,48,4,107.4941676,77.1974178
h20,1,17061,Greene_IL,49,2,260.0646623,161.8318369
h20,1,17027,Clinton_IL,50,4,118.6716703,88.202362
h20,1,17185,Wabash_IL,51,4,72.1165018,55.85357499
h20,1,17047,Edwards_IL,52,4,53.8123346,41.66323352
h20,1,17189,Washington_IL,53,4,86.80935505,62.16785749
h20,1,17159,Richland_IL,54,4,86.11616692,63.166268
h20,1,17157,Randolph_IL,55,4,162.9032298,126.59291
h20,1,17145,Perry_IL,56,4,100.5781959,79.30531004
h20,1,17055,Franklin_IL,57,4,70.33066092,57.4802094
h20,1,17077,Jackson_IL,58,4,142.7479304,116.6460442
h20,1,17165,Saline_IL,59,4,82.7564659,62.32891413
h20,1,17193,White_IL,60,4,67.680932,50.41545148
h20,1,17153,Pulaski_IL,61,4,167.3720209,102.9059557
h20,1,17003,Alexander_IL,62,4,188.2006158,123.5497029
h20,1,17043,DuPage_IL,63,2,183.852253,118.0321206
h20,1,17195,Whiteside_IL,64,2,181.3340835,124.2169416
h20,1,17103,Lee_IL,65,2,117.6207188,86.00095528
h20,1,17085,JoDaviess_IL,66,3,237.7582226,159.278711
h20,1,17177,Stephenson_IL,67,2,227.6064507,132.1399465
h20,1,17201,Winnebago_IL,68,2,187.1126909,119.908574
h20,1,17097,Lake_IL,69,2,242.0359348,168.8622225
h20,1,17059,Gallatin_IL,70,4,96.69520188,72.80645341
h20,1,17199,Williamson_IL,71,4,104.3540899,72.96558876
h20,1,17087,Johnson_IL,72,4,129.1396835,95.69985396
h20,1,17065,Hamilton_IL,73,4,37.06391212,30.0406474
h20,1,17069,Hardin_IL,74,4,131.7533662,99.68909563
h20,1,17127,Massac_IL,75,4,162.6508545,116.6025585
h20,1,17109,McDonough_IL,76,2,167.9900437,133.5824683
h20,1,17183,Vermilion_IL,77,2,185.2894155,104.9858369
h20,1,17115,Macon_IL,78,2,143.7190401,96.51654068
h20,1,17167,Sangamon_IL,79,2,165.8273918,103.0255889
h20,1,17045,Edgar_IL,80,7,212.6848355,155.5797571
h20,1,17137,Morgan_IL,81,2,214.1570939,128.414563
h20,1,17021,Christian_IL,82,2,179.1849023,114.1226799
h20,1,17139,Moultrie_IL,83,4,181.0434254,135.3037188
h20,1,17171,Scott_IL,84,2,237.4452913,179.2269224
h20,1,17029,Coles_IL,85,4,170.9100501,119.2608264
h20,1,17173,Shelby_IL,86,4,163.4660821,122.2963439
h20,1,17135,Montgomery_IL,87,4,178.5474486,131.6274941
h20,1,17117,Macoupin_IL,88,2,233.2479276,156.6959543
h20,1,17023,Clark_IL,89,4,190.3672986,140.4234965
h20,1,17033,Crawford_IL,90,4,146.0766582,108.7592214
h20,1,17079,Jasper_IL,91,4,119.7935134,87.22726774
h20,1,17005,Bond_IL,92,4,138.760534,102.1733741
h20,1,17119,Madison_IL,93,4,173.1077926,115.5824151
h20,1,17051,Fayette_IL,94,4,139.6236607,94.91440799
h20,1,17163,St.Clair_IL,95,4,140.0819589,101.9188025
h20,1,17191,Wayne_IL,96,4,25.39658284,18.96352857
h20,1,17133,Monroe_IL,97,4,177.7259049,130.5472049
h20,1,17081,Jefferson_IL,98,4,37.20351811,30.17244222
h20,1,17101,Lawrence_IL,99,4,118.3025387,90.01583801
h20,1,17121,Marion_IL,100,4,77.48382936,60.60799445
h20,1,17181,Union_IL,101,4,151.2182341,97.10856406
h20,1,17151,Pope_IL,102,4,124.0497624,91.88364561
h20,1,18073,Jasper_IN,103,7,192.4004925,128.891052
h20,1,18151,Steuben_IN,104,1,176.8279299,129.9520938
h20,1,18115,Ohio_IN,105,7,186.8021369,136.4757196
h20,1,18123,Perry_IN,106,4,210.5136056,127.2458237
h20,1,18007,Benton_IN,107,7,161.8728201,115.7270464
h20,1,18069,Huntington_IN,108,7,131.2139714,86.71019022
h20,1,18169,Wabash_IN,109,7,99.85892342,81.5544769
h20,1,18003,Allen_IN,110,7,180.6714519,123.1415754
h20,1,18099,Marshall_IN,111,7,157.451331,102.4029155
h20,1,18117,Orange_IN,112,7,203.1082108,150.9089483
h20,1,18111,Newton_IN,113,2,184.8609879,139.4963625
h20,1,18173,Warrick_IN,114,4,141.7386361,84.8655501
h20,1,18179,Wells_IN,115,7,139.574864,92.59991886
h20,1,18171,Warren_IN,116,7,155.1642516,110.3514667
h20,1,18089,Lake_IN,117,2,212.474481,145.2316671
h20,1,18157,Tippecanoe_IN,118,7,96.09534215,79.24131215
h20,1,18091,LaPorte_IN,119,1,169.430546,117.4845216
h20,1,18057,Hamilton_IN,120,7,5.611842048,9.181542868
h20,1,18129,Posey_IN,121,4,126.2904165,82.73395394
h20,1,18031,Decatur_IN,122,7,110.5969061,80.92290812
h20,1,18037,Dubois_IN,123,4,168.9079469,132.2875283
h20,1,18143,Scott_IN,124,7,173.1798078,118.3730282
h20,1,18137,Ripley_IN,125,7,140.2769371,102.8013183
h20,1,18161,Union_IN,126,7,153.3756195,119.5555934
h20,1,18047,Franklin_IN,127,7,156.8400072,117.708887
h20,1,18005,Bartholomew_IN,128,7,110.2092536,82.27558743
h20,1,18017,Cass_IN,129,7,98.90593028,81.85473328
h20,1,18015,Carroll_IN,130,7,95.08036232,78.95909548
h20,1,18107,Montgomery_IN,131,7,77.5794933,66.85812602
h20,1,18051,Gibson_IN,132,4,99.08538854,76.85423212
h20,1,18165,Vermillion_IN,133,7,195.789408,134.2327448
h20,1,18065,Henry_IN,134,7,63.70591795,52.66679793
h20,1,18049,Fulton_IN,135,7,127.7464349,84.53682681
h20,1,18127,Porter_IN,136,1,192.3167093,129.6854613
h20,1,18055,Greene_IN,137,7,170.646618,128.9318907
h20,1,18139,Rush_IN,138,7,89.24816447,85.29427596
h20,1,18163,Vanderburgh_IN,139,4,132.1115202,87.16812229
h20,1,18081,Johnson_IN,140,7,75.85498534,84.72873006
h20,1,18119,Owen_IN,141,7,147.7769153,109.1598227
h20,1,18023,Clinton_IN,142,7,58.14947118,53.58571834
h20,1,18059,Hancock_IN,143,7,49.79215349,50.13549344
h20,1,18135,Randolph_IN,144,7,98.5639375,94.31226824
h20,1,18077,Jefferson_IN,145,7,172.892279,129.4400838
h20,1,18167,Vigo_IN,146,7,162.6370058,108.9091012
h20,1,18039,Elkhart_IN,147,1,138.9939389,107.3680996
h20,1,18043,Floyd_IN,148,7,222.3622014,147.3300186
h20,1,18087,LaGrange_IN,149,1,141.1198595,107.1630153
h20,1,18061,Harrison_IN,150,4,242.3014542,147.1050057
h20,1,18083,Knox_IN,151,4,139.5150816,101.6143276
h20,1,18131,Pulaski_IN,152,7,162.3836948,118.9095784
h20,1,18013,Brown_IN,153,7,124.0020792,101.6628847
h20,1,18019,Clark_IN,154,7,198.864868,132.0671399
h20,1,18109,Morgan_IN,155,7,91.71522367,74.45084431
h20,1,18053,Grant_IN,156,7,69.00018897,55.06913203
h20,1,18141,St.Joseph_IN,157,1,170.8722236,132.8136597
h20,1,18149,Starke_IN,158,7,185.4470907,127.8866647
h20,1,18045,Fountain_IN,159,7,126.4427595,88.1759316
h20,1,18159,Tipton_IN,160,7,32.16308645,29.85219603
h20,1,18025,Crawford_IN,161,4,212.7957737,126.6644198
h20,1,18155,Switzerland_IN,162,7,192.3196436,142.4684394
h20,1,18035,Delaware_IN,163,7,72.78396369,57.73216325
h20,1,18147,Spencer_IN,164,4,179.6552767,106.395541
h20,1,18085,Kosciusko_IN,165,7,167.5618904,118.1686245
h20,1,18011,Boone_IN,166,7,45.17480878,46.84023329
h20,1,18075,Jay_IN,167,7,111.4420358,85.78131077
h20,1,18153,Sullivan_IN,168,4,178.5082086,129.0320072
h20,1,18181,White_IN,169,7,149.9403347,103.6929315
h20,1,18113,Noble_IN,170,1,178.7177042,136.1127831
h20,1,18021,Clay_IN,171,7,146.8639931,101.3460655
h20,1,18079,Jennings_IN,172,7,142.2868613,106.6203776
h20,1,18027,Daviess_IN,173,4,169.7123177,125.3648339
h20,1,18033,DeKalb_IN,174,7,209.2586255,135.8906904
h20,1,18067,Howard_IN,175,7,57.52821671,45.46890447
h20,1,18125,Pike_IN,176,4,134.971089,108.7408114
h20,1,18029,Dearborn_IN,177,7,163.051428,111.4616094
h20,1,18071,Jackson_IN,178,7,155.4781779,110.2830206
h20,1,18101,Martin_IN,179,4,191.4397961,143.3646603
h20,1,18177,Wayne_IN,180,7,114.1529864,85.49456239
h20,1,18145,Shelby_IN,181,7,81.21166574,64.4589662
h20,1,18105,Monroe_IN,182,7,125.8520334,97.88982403
h20,1,18103,Miami_IN,183,7,95.43627813,76.84698459
h20,1,18095,Madison_IN,184,7,46.15719757,45.79771693
h20,1,18133,Putnam_IN,185,7,111.9831147,96.70200692
h20,1,18097,Marion_IN,186,7,40.77151575,49.05766667
h20,1,18121,Parke_IN,187,7,163.2251195,120.6026818
h20,1,18183,Whitley_IN,188,7,179.3721754,122.9997464
h20,1,18041,Fayette_IN,189,7,127.656113,94.18664798
h20,1,18001,Adams_IN,190,7,176.4620956,118.839802
h20,1,18175,Washington_IN,191,7,194.9598077,139.5013511
h20,1,18009,Blackford_IN,192,7,99.12653512,77.292198
h20,1,18063,Hendricks_IN,193,7,76.74671665,67.82061327
h20,1,18093,Lawrence_IN,194,7,166.7428517,124.7471085
h20,1,19119,Lyon_IA,195,10,180.6891329,136.5013129
h20,1,19143,Osceola_IA,196,10,134.2191685,101.6270833
h20,1,19059,Dickinson_IA,197,10,104.8176512,82.06459527
h20,1,19063,Emmet_IA,198,10,147.4858039,119.9343006
h20,1,19005,Allamakee_IA,199,3,287.6631958,197.9530965
h20,1,19109,Kossuth_IA,200,10,162.011887,120.593002
h20,1,19191,Winneshiek_IA,201,3,283.2212831,182.8947385
h20,1,19089,Howard_IA,202,3,258.3186639,159.2819434
h20,1,19189,Winnebago_IA,203,10,220.8376765,159.4670938
h20,1,19131,Mitchell_IA,204,3,277.2533428,174.9569273
h20,1,19195,Worth_IA,205,10,261.8525661,157.7282495
h20,1,19167,Sioux_IA,206,10,142.55849,108.647526
h20,1,19141,O'Brien_IA,207,10,98.27238129,74.03979882
h20,1,19041,Clay_IA,208,10,68.11033126,48.47825652
h20,1,19147,PaloAlto_IA,209,10,108.3386443,76.16079142
h20,1,19081,Hancock_IA,210,10,190.0224549,136.1402783
h20,1,19033,CerroGordo_IA,211,10,216.6923453,125.6813217
h20,1,19037,Chickasaw_IA,212,3,219.5670637,135.1878961
h20,1,19067,Floyd_IA,213,3,243.6098077,147.2642507
h20,1,19043,Clayton_IA,214,3,202.2570795,147.9032984
h20,1,19065,Fayette_IA,215,3,185.3553192,125.0991533
h20,1,19149,Plymouth_IA,216,10,117.4605915,90.79299543
h20,1,19035,Cherokee_IA,217,10,74.16867565,58.56823408
h20,1,19021,BuenaVista_IA,218,10,28.45377955,20.19394446
h20,1,19151,Pocahontas_IA,219,10,69.68073459,49.45996142
h20,1,19091,Humboldt_IA,220,10,112.9014261,83.04727261
h20,1,19197,Wright_IA,221,10,146.9403699,105.7205041
h20,1,19017,Bremer_IA,222,3,187.9001815,114.6534234
h20,1,19069,Franklin_IA,223,10,183.4281605,113.0642576
h20,1,19023,Butler_IA,224,3,218.1629015,153.1335671
h20,1,19061,Dubuque_IA,225,3,190.0481626,131.7877455
h20,1,19055,Delaware_IA,226,3,148.553134,103.8086504
h20,1,19187,Webster_IA,227,10,85.70944746,50.86235804
h20,1,19019,Buchanan_IA,228,3,133.624073,84.17499207
h20,1,19013,BlackHawk_IA,229,3,153.3141339,90.62378704
h20,1,19193,Woodbury_IA,230,10,83.9902429,54.55016316
h20,1,19093,Ida_IA,231,10,43.87419651,28.22475521
h20,1,19161,Sac_IA,232,10,16.07274505,14.13956044
h20,1,19025,Calhoun_IA,233,10,52.83519069,43.72933697
h20,1,19079,Hamilton_IA,234,10,128.9788428,82.55316737
h20,1,19083,Hardin_IA,235,10,187.340802,119.4540775
h20,1,19075,Grundy_IA,236,3,181.5009328,127.3715809
h20,1,19097,Jackson_IA,237,3,172.4388354,125.0224634
h20,1,19105,Jones_IA,238,3,127.3993734,89.03515987
h20,1,19113,Linn_IA,239,3,81.02060595,60.28144858
h20,1,19011,Benton_IA,240,3,105.4722785,80.1085739
h20,1,19171,Tama_IA,241,3,110.2456202,85.95443313
h20,1,19133,Monona_IA,242,10,108.1292125,76.93060198
h20,1,19047,Crawford_IA,243,10,67.57147964,49.63244388
h20,1,19027,Carroll_IA,244,10,75.07625357,57.54397567
h20,1,19073,Greene_IA,245,10,111.0830641,83.49653079
h20,1,19015,Boone_IA,246,10,150.0386492,109.2434311
h20,1,19169,Story_IA,247,3,178.416316,116.6399395
h20,1,19127,Marshall_IA,248,3,142.3763591,93.86168869
h20,1,19045,Clinton_IA,249,3,162.9574947,109.9631321
h20,1,19031,Cedar_IA,250,3,86.96735184,54.77566006
h20,1,19085,Harrison_IA,251,10,131.0195635,95.71627339
h20,1,19165,Shelby_IA,252,10,114.008191,84.66845755
h20,1,19009,Audubon_IA,253,10,118.2130946,88.28672528
h20,1,19077,Guthrie_IA,254,10,140.9020624,102.855634
h20,1,19103,Johnson_IA,255,3,41.95701531,31.05876252
h20,1,19049,Dallas_IA,256,10,179.942293,129.7420094
h20,1,19095,Iowa_IA,257,3,25.27672185,19.23946489
h20,1,19153,Polk_IA,258,3,157.1185968,92.49349424
h20,1,19157,Poweshiek_IA,259,3,63.95972842,46.19279861
h20,1,19099,Jasper_IA,260,3,112.2047825,74.50105466
h20,1,19163,Scott_IA,261,3,126.7174972,74.48860015
h20,1,19139,Muscatine_IA,262,3,104.8466197,73.05996532
h20,1,19155,Pottawattamie_IA,263,10,169.8028971,122.8940102
h20,1,19029,Cass_IA,264,10,173.2502478,129.834107
h20,1,19183,Washington_IA,265,3,79.00560867,57.11755899
h20,1,19001,Adair_IA,266,10,184.964128,135.3853188
h20,1,19107,Keokuk_IA,267,3,48.5249475,34.73799683
h20,1,19181,Warren_IA,268,3,186.3320914,113.3092299
h20,1,19121,Madison_IA,269,3,218.5224717,132.0617582
h20,1,19123,Mahaska_IA,270,3,97.1678367,73.06205864
h20,1,19125,Marion_IA,271,3,130.4062202,99.30204239
h20,1,19115,Louisa_IA,272,3,111.9065658,76.21352253
h20,1,19129,Mills_IA,273,10,223.9723059,153.7153901
h20,1,19137,Montgomery_IA,274,10,205.0854848,148.7055567
h20,1,19003,Adams_IA,275,10,213.7675425,152.7726126
h20,1,19087,Henry_IA,276,3,117.7770488,69.92761377
h20,1,19101,Jefferson_IA,277,3,107.2941672,78.83741708
h20,1,19175,Union_IA,278,10,258.441408,186.7224297
h20,1,19179,Wapello_IA,279,3,109.9239876,81.63730547
h20,1,19039,Clarke_IA,280,3,231.9793455,147.493523
h20,1,19117,Lucas_IA,281,3,170.7687901,126.4307864
h20,1,19135,Monroe_IA,282,3,135.9377939,102.1722377
h20,1,19057,DesMoines_IA,283,3,152.6267732,99.89736953
h20,1,19071,Fremont_IA,284,10,255.5962579,179.22937
h20,1,19145,Page_IA,285,10,242.6197192,173.1679763
h20,1,19173,Taylor_IA,286,10,251.3168618,181.8510318
h20,1,19159,Ringgold_IA,287,10,293.7956693,211.0078446
h20,1,19177,VanBuren_IA,288,3,139.1007914,103.7727503
h20,1,19051,Davis_IA,289,3,135.5127375,104.3345436
h20,1,19053,Decatur_IA,290,5,254.9078382,176.4298101
h20,1,19185,Wayne_IA,291,3,198.9230569,146.9417977
h20,1,19007,Appanoose_IA,292,3,162.5561502,119.0722929
h20,1,19111,Lee_IA,293,3,166.4774281,103.6458322
h20,1,20073,Greenwood_KS,294,12,197.2285152,138.4515052
h20,1,20043,Doniphan_KS,295,12,196.8694446,123.737476
h20,1,20157,Republic_KS,296,12,164.0520607,115.6095593
h20,1,20039,Decatur_KS,297,15,208.3072316,131.4970082
h20,1,20147,Phillips_KS,298,13,200.2540878,128.8237873
h20,1,20111,Lyon_KS,299,12,128.7821862,87.45288674
h20,1,20075,Hamilton_KS,300,13,216.3589898,140.6433433
h20,1,20199,Wallace_KS,301,13,219.2554606,141.1996936
h20,1,20161,Riley_KS,302,12,22.79774513,17.59874639
h20,1,20051,Ellis_KS,303,13,107.2589915,73.54005289
h20,1,20151,Pratt_KS,304,13,187.9607519,117.9707082
h20,1,20101,Lane_KS,305,13,55.14172643,36.38322233
h20,1,20195,Trego_KS,306,13,57.71021028,36.26313866
h20,1,20071,Greeley_KS,307,13,172.7465323,110.5930602
h20,1,20113,McPherson_KS,308,12,174.2028848,102.42341
h20,1,20035,Cowley_KS,309,12,271.1167286,175.2969741
h20,1,20139,Osage_KS,310,12,135.0682323,95.07156632
h20,1,20115,Marion_KS,311,12,127.250981,80.516429
h20,1,20165,Rush_KS,312,13,63.50039414,40.17584553
h20,1,20187,Stanton_KS,313,13,249.5636676,153.29778
h20,1,20059,Franklin_KS,314,12,177.6957287,114.8430416
h20,1,20149,Pottawatomie_KS,315,12,52.85889533,38.96887784
h20,1,20181,Sherman_KS,316,13,247.2464172,135.858659
h20,1,20001,Allen_KS,317,12,264.0683179,170.5047625
h20,1,20099,Labette_KS,318,14,265.0926861,157.9469142
h20,1,20091,Johnson_KS,319,12,191.9844873,125.5961088
h20,1,20021,Cherokee_KS,320,14,225.0556648,131.9154116
h20,1,20023,Cheyenne_KS,321,15,285.3927466,174.9953509
h20,1,20005,Atchison_KS,322,12,154.9208219,107.7495026
h20,1,20029,Cloud_KS,323,12,124.7350288,79.32120952
h20,1,20061,Geary_KS,324,12,38.18724819,29.58946953
h20,1,20167,Russell_KS,325,13,168.1106115,107.4362365
h20,1,20009,Barton_KS,326,13,119.5978471,79.15224268
h20,1,20177,Shawnee_KS,327,12,86.02069001,58.02036456
h20,1,20015,Butler_KS,328,12,183.3082604,131.0265774
h20,1,20089,Jewell_KS,329,12,196.3079395,127.2690444
h20,1,20123,Mitchell_KS,330,12,173.3693568,115.8455678
h20,1,20171,Scott_KS,331,13,93.41755713,60.07785932
h20,1,20189,Stevens_KS,332,13,232.9110413,148.7662688
h20,1,20045,Douglas_KS,333,12,144.317718,106.3925103
h20,1,20033,Comanche_KS,334,13,196.1781813,122.9976697
h20,1,20145,Pawnee_KS,335,13,94.76628465,58.31985575
h20,1,20209,Wyandotte_KS,336,12,177.5851393,118.2364265
h20,1,20065,Graham_KS,337,13,113.0590827,72.71430765
h20,1,20129,Morton_KS,338,13,287.5423894,182.2465775
h20,1,20191,Sumner_KS,339,12,277.2745526,170.763368
h20,1,20121,Miami_KS,340,12,216.698202,145.9131214
h20,1,20063,Gove_KS,341,13,108.0586999,68.64068839
h20,1,20057,Ford_KS,342,13,93.48774751,60.98338335
h20,1,20133,Neosho_KS,343,12,296.8807445,183.0595289
h20,1,20107,Linn_KS,344,12,268.0309462,176.3997435
h20,1,20013,Brown_KS,345,12,160.151446,102.5587784
h20,1,20011,Bourbon_KS,346,14,261.7364949,163.2739136
h20,1,20027,Clay_KS,347,12,69.88337903,48.22685939
h20,1,20105,Lincoln_KS,348,12,180.6500439,108.2478009
h20,1,20183,Smith_KS,349,13,241.6420501,150.6054192
h20,1,20127,Morris_KS,350,12,83.06717184,59.71583862
h20,1,20007,Barber_KS,351,13,249.3725728,162.8436245
h20,1,20109,Logan_KS,352,13,200.9617585,128.0150664
h20,1,20017,Chase_KS,353,12,111.5179931,81.08124913
h20,1,20037,Crawford_KS,354,14,249.3911462,158.1214695
h20,1,20207,Woodson_KS,355,12,219.1027158,135.7244289
h20,1,20087,Jefferson_KS,356,12,124.5191317,89.85256502
h20,1,20153,Rawlins_KS,357,15,236.6597456,147.2316887
h20,1,20193,Thomas_KS,358,13,186.509622,103.5492305
h20,1,20143,Ottawa_KS,359,12,138.1482243,88.09758541
h20,1,20159,Rice_KS,360,13,157.8459807,102.8460877
h20,1,20135,Ness_KS,361,13,8.694997515,9.664730144
h20,1,20205,Wilson_KS,362,12,276.5665413,175.3477242
h20,1,20141,Osborne_KS,363,13,220.7659956,142.2564606
h20,1,20025,Clark_KS,364,13,169.9063468,105.2425281
h20,1,20081,Haskell_KS,365,13,166.9607585,102.659454
h20,1,20169,Saline_KS,366,12,128.9776581,76.31944327
h20,1,20095,Kingman_KS,367,13,257.1153707,171.0421521
h20,1,20185,Stafford_KS,368,13,148.0966518,93.69325019
h20,1,20041,Dickinson_KS,369,12,77.80008962,53.18608721
h20,1,20055,Finney_KS,370,13,114.6392404,67.76075743
h20,1,20125,Montgomery_KS,371,12,312.7722968,202.5525668
h20,1,20047,Edwards_KS,372,13,133.1037477,81.59369007
h20,1,20079,Harvey_KS,373,12,186.0622302,116.3445215
h20,1,20179,Sheridan_KS,374,13,145.104072,84.87603504
h20,1,20097,Kiowa_KS,375,13,155.9968438,96.71377662
h20,1,20077,Harper_KS,376,13,294.7966967,191.1543838
h20,1,20201,Washington_KS,377,12,105.8997793,67.36474976
h20,1,20049,Elk_KS,378,12,275.9511267,174.2543279
h20,1,20175,Seward_KS,379,13,200.2559557,123.8306348
h20,1,20131,Nemaha_KS,380,12,113.1363317,76.27653356
h20,1,20137,Norton_KS,381,13,159.7503195,100.5147505
h20,1,20031,Coffey_KS,382,12,181.0558756,112.4203974
h20,1,20093,Kearny_KS,383,13,177.5589075,115.1201619
h20,1,20053,Ellsworth_KS,384,13,173.0393043,109.1068072
h20,1,20083,Hodgeman_KS,385,13,38.63269026,22.89525568
h20,1,20119,Meade_KS,386,13,159.9238248,100.6972721
h20,1,20003,Anderson_KS,387,12,228.1359519,152.6185484
h20,1,20117,Marshall_KS,388,12,87.29381884,60.09477699
h20,1,20203,Wichita_KS,389,13,131.8172918,83.18061091
h20,1,20067,Grant_KS,390,13,205.4567737,124.5961357
h20,1,20103,Leavenworth_KS,391,12,206.3534078,140.5313344
h20,1,20019,Chautauqua_KS,392,12,386.3599857,239.3052585
h20,1,20163,Rooks_KS,393,13,158.2791216,105.2240761
h20,1,20155,Reno_KS,394,13,217.6330375,143.1266682
h20,1,20069,Gray_KS,395,13,131.6868622,82.73399406
h20,1,20197,Wabaunsee_KS,396,12,59.63251048,48.97840621
h20,1,20173,Sedgwick_KS,397,12,230.8765428,144.5468583
h20,1,20085,Jackson_KS,398,12,118.4522391,79.42834209
h20,1,26109,Menominee_MI,399,16,22.9068274,19.14116124
h20,1,26007,Alpena_MI,400,8,309.5172516,225.2056086
h20,1,26035,Clare_MI,401,8,148.5384395,103.6914729
h20,1,26103,Marquette_MI,402,16,214.3579304,160.2806644
h20,1,26153,Schoolcraft_MI,404,16,171.8016486,124.413679
h20,1,26123,Newaygo_MI,406,1,166.4229748,114.6622765
h20,1,26151,Sanilac_MI,407,8,92.33432599,70.25918591
h20,1,26163,Wayne_MI,408,8,181.356643,134.0002024
h20,1,26159,VanBuren_MI,409,1,71.7143079,51.38358097
h20,1,26033,Chippewa_MI,410,16,330.4621196,233.6551623
h20,1,26037,Clinton_MI,411,8,157.4843088,121.6100068
h20,1,26149,St.Joseph_MI,412,1,102.9874283,81.05063388
h20,1,26071,Iron_MI,413,16,161.9168092,122.681063
h20,1,26131,Ontonagon_MI,414,17,245.4127311,183.2123911
h20,1,26013,Baraga_MI,415,16,217.124196,157.8611293
h20,1,26001,Alcona_MI,416,8,205.5510824,156.3527696
h20,1,26085,Lake_MI,417,1,218.7200339,143.694716
h20,1,26015,Barry_MI,419,1,100.4683015,80.93410188
h20,1,26009,Antrim_MI,420,8,277.248884,196.9046483
h20,1,26075,Jackson_MI,421,1,153.0645249,114.5789617
h20,1,26143,Roscommon_MI,422,8,160.053893,109.5387054
h20,1,26095,Luce_MI,423,16,300.8132779,217.2523991
h20,1,26053,Gogebic_MI,424,17,189.7171138,145.1315717
h20,1,26021,Berrien_MI,425,1,121.2543905,88.94827891
h20,1,26119,Montmorency_MI,426,8,225.7136595,163.1190339
h20,1,26135,Oscoda_MI,427,8,170.3413439,121.1870596
h20,1,26129,Ogemaw_MI,428,8,131.2389721,92.27378506
h20,1,26065,Ingham_MI,429,8,172.2479382,123.9279837
h20,1,26087,Lapeer_MI,430,8,77.55350477,57.50225505
h20,1,26079,Kalkaska_MI,431,8,227.9736717,155.5978799
h20,1,26105,Mason_MI,432,1,193.655305,162.4714458
h20,1,26155,Shiawassee_MI,433,8,107.9046387,90.80379745
h20,1,26147,St.Clair_MI,434,8,136.9608905,97.25104274
h20,1,26093,Livingston_MI,435,8,131.1255291,94.72772888
h20,1,26157,Tuscola_MI,436,8,21.02273027,14.91865926
h20,1,26127,Oceana_MI,437,1,151.5448435,111.8952634
h20,1,26161,Washtenaw_MI,438,8,165.47951,113.2871951
h20,1,26059,Hillsdale_MI,439,1,178.4256186,140.8425031
h20,1,26019,Benzie_MI,440,1,282.2006179,205.150984
h20,1,26057,Gratiot_MI,441,8,102.8448477,84.35428442
h20,1,26165,Wexford_MI,442,8,208.9484748,147.6264713
h20,1,26049,Genesee_MI,443,8,72.64788091,58.78451382
h20,1,26141,PresqueIsle_MI,444,8,293.0869294,210.3785688
h20,1,26025,Calhoun_MI,445,1,92.69990357,84.18968289
h20,1,26137,Otsego_MI,446,8,243.612916,163.5513198
h20,1,26107,Mecosta_MI,447,8,161.5871182,122.5421907
h20,1,26063,Huron_MI,448,8,100.9725627,77.09709264
h20,1,26067,Ionia_MI,450,1,123.6343733,89.45205039
h20,1,26081,Kent_MI,451,1,89.07937092,66.88947535
h20,1,26099,Macomb_MI,452,8,169.3322787,122.7019347
h20,1,26043,Dickinson_MI,453,16,117.0707684,82.21263007
h20,1,26117,Montcalm_MI,454,1,148.7726892,104.3378168
h20,1,26145,Saginaw_MI,455,8,62.79956604,52.63934045
h20,1,26017,Bay_MI,456,8,58.77096041,48.66287707
h20,1,26011,Arenac_MI,457,8,105.1637372,82.21526934
h20,1,26047,Emmet_MI,458,8,327.3084258,229.2829887
h20,1,26031,Cheboygan_MI,459,8,316.8789818,209.6896596
h20,1,26051,Gladwin_MI,460,8,119.5186594,85.5496864
h20,1,26115,Monroe_MI,461,8,213.2852974,144.9589974
h20,1,26077,Kalamazoo_MI,462,1,61.43862792,47.69995554
h20,1,26055,GrandTraverse_MI,463,8,273.794616,194.8914892
h20,1,26039,Crawford_MI,464,8,208.4950551,141.4047058
h20,1,26097,Mackinac_MI,465,16,267.3538735,188.9700694
h20,1,26111,Midland_MI,466,8,88.44262269,65.18760987
h20,1,26045,Eaton_MI,467,1,125.4488411,106.5093465
h20,1,26027,Cass_MI,468,1,116.8616015,87.92270326
h20,1,26101,Manistee_MI,469,1,228.3027517,161.731473
h20,1,26113,Missaukee_MI,470,8,197.710116,138.7868746
h20,1,26125,Oakland_MI,471,8,124.9265303,92.22527972
h20,1,26133,Osceola_MI,472,8,179.6497817,129.0348795
h20,1,26023,Branch_MI,473,1,139.2784124,116.057753
h20,1,26005,Allegan_MI,474,1,38.44866128,30.90826543
h20,1,26061,Houghton_MI,476,16,263.6728248,190.7452166
h20,1,26029,Charlevoix_MI,477,8,326.9154201,295.4389954
h20,1,26121,Muskegon_MI,478,1,113.5974933,147.6860897
h20,1,26041,Delta_MI,479,16,118.4757639,87.20250156
h20,1,26073,Isabella_MI,480,8,123.8648558,95.65381149
h20,1,26091,Lenawee_MI,481,1,213.8392423,154.3479596
h20,1,27095,MilleLacs_MN,482,11,133.3323164,99.33320047
h20,1,27045,Fillmore_MN,483,3,320.0899925,201.4878258
h20,1,27073,LacquiParle_MN,484,9,160.5248321,115.5646543
h20,1,27085,McLeod_MN,485,11,233.9660365,164.1109699
h20,1,27153,Todd_MN,486,11,112.3236493,77.05972957
h20,1,27105,Nobles_MN,487,10,184.9489743,139.209762
h20,1,27001,Aitkin_MN,488,11,125.8706786,98.72239937
h20,1,27057,Hubbard_MN,489,11,151.4229725,120.4226738
h20,1,27063,Jackson_MN,490,10,138.5288987,101.9480089
h20,1,27039,Dodge_MN,491,10,355.0537215,200.8638076
h20,1,27047,Freeborn_MN,492,10,280.8904028,163.5153958
h20,1,27121,Pope_MN,493,9,165.8722294,121.9573603
h20,1,27143,Sibley_MN,494,10,316.3665889,232.1183567
h20,1,27109,Olmsted_MN,495,3,341.9178609,221.6069194
h20,1,27067,Kandiyohi_MN,496,9,220.3866953,165.9599373
h20,1,27133,Rock_MN,497,10,214.8136382,160.767568
h20,1,27161,Waseca_MN,498,10,326.9618953,217.3184501
h20,1,27033,Cottonwood_MN,499,10,202.555006,150.4269666
h20,1,27071,Koochiching_MN,500,11,279.0488173,192.8826936
h20,1,27165,Watonwan_MN,501,10,204.0948588,150.0803177
h20,1,27171,Wright_MN,502,11,212.4484555,148.0307509
h20,1,27027,Clay_MN,503,9,197.0039762,134.4805807
h20,1,27139,Scott_MN,504,11,297.6306011,197.5271236
h20,1,27005,Becker_MN,505,11,175.0816676,114.9525075
h20,1,27107,Norman_MN,506,9,250.8000013,172.4987083
h20,1,27025,Chisago_MN,507,17,184.0885887,141.6910492
h20,1,27089,Marshall_MN,508,11,331.5803179,227.0533699
h20,1,27169,Winona_MN,509,17,353.9333148,236.492663
h20,1,27007,Beltrami_MN,510,11,254.9203024,186.4072607
h20,1,27083,Lyon_MN,511,9,252.2839168,181.6639801
h20,1,27049,Goodhue_MN,512,17,306.5305097,222.8635109
h20,1,27061,Itasca_MN,513,11,218.4354408,166.134173
h20,1,27093,Meeker_MN,514,11,209.6388775,147.217799
h20,1,27065,Kanabec_MN,515,11,164.7764,123.8300358
h20,1,27077,LakeoftheWoods_MN,516,11,345.2542136,237.2634072
h20,1,27081,Lincoln_MN,517,9,220.6599972,133.2576464
h20,1,27111,OtterTail_MN,518,11,141.7915625,93.40129266
h20,1,27021,Cass_MN,519,11,81.79528763,67.96607391
h20,1,27037,Dakota_MN,520,17,276.8243123,208.7768238
h20,1,27075,Lake_MN,521,17,293.723649,208.4081472
h20,1,27003,Anoka_MN,522,17,243.3193549,184.3452397
h20,1,27099,Mower_MN,523,3,326.066554,205.2319207
h20,1,27101,Murray_MN,524,10,217.6898936,156.7653004
h20,1,27123,Ramsey_MN,525,17,232.4452187,179.8084876
h20,1,27167,Wilkin_MN,526,9,138.1802938,92.57464913
h20,1,27059,Isanti_MN,527,11,198.7148086,139.5683016
h20,1,27009,Benton_MN,528,11,138.2129624,107.0438832
h20,1,27159,Wadena_MN,529,11,89.50215569,60.50216293
h20,1,27113,Pennington_MN,530,11,298.3158434,202.3716348
h20,1,27157,Wabasha_MN,531,17,376.3011952,261.294181
h20,1,27163,Washington_MN,532,17,231.4382024,173.1797929
h20,1,27035,CrowWing_MN,533,11,72.95038791,62.01351365
h20,1,27155,Traverse_MN,534,9,90.73992519,67.76408415
h20,1,27173,YellowMedicine_MN,535,9,223.4230689,158.2226377
h20,1,27131,Rice_MN,536,17,318.1867039,226.7149901
h20,1,27145,Stearns_MN,537,11,192.709057,131.0053585
h20,1,27141,Sherburne_MN,538,11,184.2021217,124.2259385
h20,1,27079,LeSueur_MN,539,10,319.3033029,224.4909568
h20,1,27137,St.Louis_MN,540,17,281.3182558,190.7914369
h20,1,27031,Cook_MN,541,17,333.6207124,230.2349709
h20,1,27051,Grant_MN,542,9,141.0645276,101.8239556
h20,1,27023,Chippewa_MN,543,9,213.601411,153.2030842
h20,1,27043,Faribault_MN,544,10,234.1647569,161.3194408
h20,1,27017,Carlton_MN,545,11,200.5356239,148.6166679
h20,1,27115,Pine_MN,546,11,206.8028065,152.263881
h20,1,27149,Stevens_MN,547,9,119.3205177,87.39204498
h20,1,27069,Kittson_MN,548,11,388.5595572,263.921844
h20,1,27091,Martin_MN,549,10,183.746241,135.8983827
h20,1,27097,Morrison_MN,550,11,93.29087603,67.32971932
h20,1,27117,Pipestone_MN,551,9,267.7347986,157.1381507
h20,1,27129,Renville_MN,552,9,262.8466726,187.9867392
h20,1,27087,Mahnomen_MN,553,11,204.7671884,148.9627431
h20,1,27053,Hennepin_MN,554,11,245.1756939,158.3846674
h20,1,27015,Brown_MN,555,10,240.7400661,176.7935608
h20,1,27103,Nicollet_MN,556,10,292.5337188,213.7196853
h20,1,27041,Douglas_MN,557,11,160.8192377,111.7690087
h20,1,27151,Swift_MN,558,9,175.7343601,123.5503999
h20,1,27147,Steele_MN,559,10,327.4059687,183.3024902
h20,1,27125,RedLake_MN,560,11,278.1894549,189.71717
h20,1,27029,Clearwater_MN,561,11,204.6697835,145.0328459
h20,1,27011,BigStone_MN,562,9,100.907716,75.65172579
h20,1,27013,BlueEarth_MN,563,10,259.4604983,186.8748255
h20,1,27119,Polk_MN,564,11,277.9594492,187.6296858
h20,1,27127,Redwood_MN,565,10,243.5536696,177.4644164
h20,1,27055,Houston_MN,566,3,358.3581805,232.080497
h20,1,27019,Carver_MN,567,11,285.9201708,188.8329705
h20,1,27135,Roseau_MN,568,11,358.6321731,251.2163389
h20,2,29083,Henry_MO,1,14,204.2039257,122.0852402
h20,2,29011,Barton_MO,2,14,213.1617839,119.7113233
h20,2,29103,Knox_MO,3,5,166.5280309,106.9211903
h20,2,29117,Livingston_MO,4,5,114.4721786,79.20503707
h20,2,29101,Johnson_MO,5,5,172.0155646,119.0129987
h20,2,29123,Madison_MO,6,4,312.0320983,191.6601811
h20,2,29125,Maries_MO,7,14,171.2920973,104.6368106
h20,2,29109,Lawrence_MO,8,14,116.1211686,71.58814942
h20,2,29179,Reynolds_MO,9,14,255.3575899,167.0418489
h20,2,29145,Newton_MO,10,14,177.1553118,114.8036017
h20,2,29043,Christian_MO,11,14,89.43303653,57.07495963
h20,2,29119,McDonald_MO,12,14,225.3784993,151.560777
h20,2,29005,Atchison_MO,13,12,244.552867,157.8088849
h20,2,29019,Boone_MO,14,5,97.90827265,63.81882491
h20,2,29081,Harrison_MO,15,5,248.9909631,154.5002119
h20,2,29037,Cass_MO,16,12,251.514275,161.8166537
h20,2,29067,Douglas_MO,17,14,83.65638331,58.90187795
h20,2,29225,Webster_MO,18,14,35.32028042,27.60739473
h20,2,29093,Iron_MO,19,4,340.2870607,226.1516721
h20,2,29079,Grundy_MO,20,5,158.5271868,112.5780474
h20,2,29163,Pike_MO,21,5,189.5488196,132.0489745
h20,2,29201,Scott_MO,22,4,227.60585,150.5655195
h20,2,29209,Stone_MO,23,14,131.7086952,86.81690251
h20,2,29089,Howard_MO,24,5,41.24449097,34.70868533
h20,2,29221,Washington_MO,25,14,243.4065637,156.761783
h20,2,29131,Miller_MO,26,14,146.1339663,100.0786261
h20,2,29165,Platte_MO,27,12,205.8574464,130.9815357
h20,2,29021,Buchanan_MO,28,12,235.889831,150.0453978
h20,2,29051,Cole_MO,29,5,162.8689912,98.88060783
h20,2,29173,Ralls_MO,30,5,174.883354,117.883338
h20,2,29003,Andrew_MO,31,5,251.1487998,163.4054116
h20,2,29139,Montgomery_MO,32,5,180.7103427,106.6445919
h20,2,29153,Ozark_MO,33,14,199.4798912,123.1247332
h20,2,29127,Marion_MO,34,5,156.8766657,107.7288026
h20,2,29177,Ray_MO,35,5,138.4353677,94.40888301
h20,2,29023,Butler_MO,36,4,316.5080349,192.1709425
h20,2,29105,Laclede_MO,37,14,48.57929277,38.38064608
h20,2,29195,Saline_MO,38,5,111.4043784,78.09854654
h20,2,29071,Franklin_MO,39,4,252.3259961,161.607585
h20,2,29041,Chariton_MO,40,5,22.78273684,17.98646433
h20,2,29223,Wayne_MO,41,4,351.2752795,206.6527218
h20,2,29039,Cedar_MO,42,14,195.3589477,119.7295242
h20,2,29017,Bollinger_MO,43,4,246.8328534,178.2328804
h20,2,29175,Randolph_MO,44,5,39.9700305,26.99550296
h20,2,29097,Jasper_MO,45,14,176.7858505,101.0692555
h20,2,29149,Oregon_MO,46,14,292.9000797,178.9978654
h20,2,29059,Dallas_MO,47,14,113.9685729,70.49433166
h20,2,29151,Osage_MO,48,5,187.2542079,116.7818503
h20,2,29073,Gasconade_MO,49,5,221.6125335,138.5490011
h20,2,29183,St.Charles_MO,50,4,210.6956155,134.9495432
h20,2,29087,Holt_MO,51,12,279.8543249,174.1435421
h20,2,29055,Crawford_MO,52,14,182.8842457,115.0038977
h20,2,29107,Lafayette_MO,53,5,135.5976917,95.92310455
h20,2,29186,Ste.Genevieve_MO,54,4,267.444707,164.1226918
h20,2,29045,Clark_MO,55,3,202.6692058,119.9626078
h20,2,29227,Worth_MO,56,5,302.3181533,194.4408409
h20,2,29161,Phelps_MO,57,14,141.4014354,87.33232985
h20,2,29085,Hickory_MO,58,14,138.7995703,97.83004876
h20,2,29009,Barry_MO,59,14,173.3532214,115.8941577
h20,2,29167,Polk_MO,60,14,105.969555,68.30203459
h20,2,29025,Caldwell_MO,61,5,170.8776262,115.3088973
h20,2,29111,Lewis_MO,62,5,200.3072576,135.4982522
h20,2,29181,Ripley_MO,63,4,362.0809473,216.9354443
h20,2,29219,Warren_MO,64,5,212.4788933,127.2015426
h20,2,29095,Jackson_MO,65,5,177.2728231,124.6439892
h20,2,29207,Stoddard_MO,66,4,266.827503,156.7110327
h20,2,29169,Pulaski_MO,67,14,88.46468081,57.84619926
h20,2,29075,Gentry_MO,68,5,278.8060132,178.1564998
h20,2,29001,Adair_MO,69,5,131.7841498,86.92559192
h20,2,29189,St.Louis_MO,70,4,182.3606513,116.0893094
h20,2,29229,Wright_MO,71,14,38.61919449,29.13506527
h20,2,29007,Audrain_MO,72,5,116.6680351,80.32459754
h20,2,29053,Cooper_MO,73,5,157.024126,96.05369008
h20,2,29047,Clay_MO,74,12,222.6655456,141.8820872
h20,2,29211,Sullivan_MO,75,5,181.3914841,119.6685191
h20,2,29147,Nodaway_MO,76,10,285.7289611,203.1468512
h20,2,29213,Taney_MO,77,14,142.6348387,93.6115672
h20,2,29115,Linn_MO,78,5,87.13160057,62.85274712
h20,2,29135,Moniteau_MO,79,5,189.0425275,117.0615607
h20,2,29027,Callaway_MO,80,5,141.8886271,93.32412767
h20,2,29099,Jefferson_MO,81,4,220.3620371,145.3889481
h20,2,29113,Lincoln_MO,82,5,227.1854456,153.2230085
h20,2,29215,Texas_MO,83,14,206.8656104,125.0765796
h20,2,29141,Morgan_MO,84,14,165.1489381,111.4279723
h20,2,29077,Greene_MO,85,14,66.1625823,41.44907976
h20,2,29035,Carter_MO,86,14,299.6406437,180.7704872
h20,2,29031,CapeGirardeau_MO,87,4,209.6827004,149.9125278
h20,2,29133,Mississippi_MO,88,4,215.4270877,130.5897079
h20,2,29197,Schuyler_MO,89,5,166.6813229,105.6617804
h20,2,29091,Howell_MO,90,14,223.2496392,131.7644022
h20,2,29121,Macon_MO,91,5,96.47426758,64.80580948
h20,2,29061,Daviess_MO,92,5,195.918634,137.1864462
h20,2,29205,Shelby_MO,93,5,120.16132,78.94140499
h20,2,29203,Shannon_MO,94,14,269.5226064,163.1629911
h20,2,29157,Perry_MO,95,4,250.3019939,164.8411708
h20,2,29057,Dade_MO,96,14,141.878456,88.27229961
h20,2,29199,Scotland_MO,97,3,206.6142409,156.8638605
h20,2,29171,Putnam_MO,98,3,199.6236564,148.6937059
h20,2,29187,St.Francois_MO,99,4,270.6288026,167.9514566
h20,2,29049,Clinton_MO,100,5,212.147369,138.6427716
h20,2,29033,Carroll_MO,101,5,73.40828214,53.23896825
h20,2,29217,Vernon_MO,102,14,211.6636637,129.0103992
h20,2,29015,Benton_MO,103,14,183.520238,125.8847387
h20,2,29065,Dent_MO,104,14,181.9443925,117.166083
h20,2,29185,St.Clair_MO,105,14,171.975703,103.6247225
h20,2,29129,Mercer_MO,106,5,190.5256394,131.3287021
h20,2,29159,Pettis_MO,107,5,163.7000072,112.2344033
h20,2,29063,DeKalb_MO,108,5,202.6725072,132.8923937
h20,2,29069,Dunklin_MO,109,4,353.3270662,224.8873499
h20,2,29137,Monroe_MO,110,5,80.66477017,55.01294978
h20,2,29155,Pemiscot_MO,111,4,307.9452959,179.5551947
h20,2,29013,Bates_MO,112,14,257.4977673,155.2971838
h20,2,29143,NewMadrid_MO,113,4,266.4527472,160.8966729
h20,2,29029,Camden_MO,114,14,86.54798146,65.25111635
h20,2,31039,Cuming_NE,116,10,193.706728,132.2492925
h20,2,31109,Lancaster_NE,117,12,214.2826648,141.5519761
h20,2,31129,Nuckolls_NE,118,12,260.3806909,167.4795429
h20,2,31101,Keith_NE,119,15,136.9661901,88.87385471
h20,2,31137,Phelps_NE,120,15,197.8413091,113.3503673
h20,2,31181,Webster_NE,121,12,302.5290125,193.3977279
h20,2,31043,Dakota_NE,122,10,127.5491389,81.53910453
h20,2,31015,Boyd_NE,123,18,230.7730782,144.2932416
h20,2,31171,Thomas_NE,124,15,52.78650601,30.18730457
h20,2,31089,Holt_NE,125,18,291.1847532,183.1181194
h20,2,31017,Brown_NE,126,15,192.7190118,117.8030567
h20,2,31103,KeyaPaha_NE,127,18,177.8191607,111.1133769
h20,2,31007,Banner_NE,128,15,345.5769747,192.3874874
h20,2,31077,Greeley_NE,129,15,248.1292552,158.7724283
h20,2,31095,Jefferson_NE,130,12,167.4206083,111.8117873
h20,2,31151,Saline_NE,131,12,220.5574512,148.1686081
h20,2,31057,Dundy_NE,132,15,257.8598986,171.0702129
h20,2,31157,ScottsBluff_NE,133,15,345.2259892,216.4303114
h20,2,31001,Adams_NE,134,15,265.2074477,176.0200242
h20,2,31131,Otoe_NE,135,10,260.1080122,179.206905
h20,2,31099,Kearney_NE,136,15,221.3601965,141.2028153
h20,2,31087,Hitchcock_NE,137,15,188.1975171,116.0544765
h20,2,31105,Kimball_NE,138,15,305.5487241,170.6568212
h20,2,31127,Nemaha_NE,139,12,194.6454375,129.1375009
h20,2,31041,Custer_NE,140,15,90.11757018,62.19658655
h20,2,31025,Cass_NE,141,10,231.6558965,160.8696874
h20,2,31143,Polk_NE,142,15,296.1414744,189.7196832
h20,2,31045,Dawes_NE,143,18,357.220412,230.8241836
h20,2,31179,Wayne_NE,144,10,188.9602564,125.7941304
h20,2,31071,Garfield_NE,145,15,225.5183573,141.4787307
h20,2,31055,Douglas_NE,146,10,190.4776344,138.5631486
h20,2,31139,Pierce_NE,147,10,225.3996748,138.9706441
h20,2,31141,Platte_NE,148,10,298.4867598,214.091006
h20,2,31013,BoxButte_NE,149,15,281.8311307,182.558531
h20,2,31173,Thurston_NE,150,10,153.2962427,104.6592101
h20,2,31011,Boone_NE,151,15,303.6295057,182.0855094
h20,2,31119,Madison_NE,152,10,264.2759531,166.7006749
h20,2,31117,McPherson_NE,153,15,56.96365965,38.00607214
h20,2,31145,RedWillow_NE,154,15,174.5275875,118.087898
h20,2,31149,Rock_NE,155,18,245.948759,157.6916634
h20,2,31073,Gosper_NE,156,15,157.072491,106.6063226
h20,2,31067,Gage_NE,157,12,156.2456099,104.1608614
h20,2,31047,Dawson_NE,158,15,131.8594518,81.22076435
h20,2,31005,Arthur_NE,159,15,108.6275215,68.36746525
h20,2,31085,Hayes_NE,160,15,158.2657672,100.4933296
h20,2,31097,Johnson_NE,161,12,177.3309366,121.4083194
h20,2,31003,Antelope_NE,162,10,272.6022708,170.5602569
h20,2,31165,Sioux_NE,163,15,421.3882968,264.1288467
h20,2,31111,Lincoln_NE,164,15,54.43861704,37.50098479
h20,2,31163,Sherman_NE,165,15,166.7974426,103.0987127
h20,2,31113,Logan_NE,166,15,12.43121797,7.127139141
h20,2,31121,Merrick_NE,167,15,258.6595472,164.7596678
h20,2,31161,Sheridan_NE,168,15,274.6270713,175.6816623
h20,2,31133,Pawnee_NE,169,12,149.5062154,108.7786354
h20,2,31153,Sarpy_NE,170,10,211.9644683,150.094776
h20,2,31075,Grant_NE,171,15,147.571767,91.5638037
h20,2,31021,Burt_NE,172,10,173.7862709,125.6517591
h20,2,31155,Saunders_NE,173,10,232.6432671,168.3271336
h20,2,31009,Blaine_NE,174,15,118.7601954,69.99331433
h20,2,31051,Dixon_NE,175,10,154.1550868,98.48469575
h20,2,31167,Stanton_NE,176,10,225.2411168,156.9910656
h20,2,31183,Wheeler_NE,177,15,265.2544186,156.9465661
h20,2,31061,Franklin_NE,178,15,266.1473082,151.5579638
h20,2,31053,Dodge_NE,179,10,219.5323976,162.837434
h20,2,31029,Chase_NE,180,15,206.5585036,131.8681969
h20,2,31019,Buffalo_NE,181,15,171.3898076,104.9022908
h20,2,31059,Fillmore_NE,182,12,265.5307931,161.898046
h20,2,31185,York_NE,183,15,284.9744286,181.3377655
h20,2,31159,Seward_NE,184,12,254.4449165,163.2725537
h20,2,31035,Clay_NE,185,15,287.854064,184.7805721
h20,2,31033,Cheyenne_NE,186,15,250.1676772,139.7295066
h20,2,31069,Garden_NE,187,15,224.5180754,146.3239701
h20,2,31083,Harlan_NE,188,15,235.5929302,137.1611175
h20,2,31177,Washington_NE,189,10,170.627567,129.7264609
h20,2,31091,Hooker_NE,190,15,115.7764643,80.48504595
h20,2,31147,Richardson_NE,191,12,186.2599115,121.1661865
h20,2,31065,Furnas_NE,192,13,203.3266749,129.8392513
h20,2,31093,Howard_NE,193,15,213.6224435,134.7017113
h20,2,31175,Valley_NE,194,15,207.4891752,127.9573155
h20,2,31027,Cedar_NE,195,10,198.9432638,123.9992512
h20,2,31169,Thayer_NE,196,12,202.1202442,133.7978026
h20,2,31049,Deuel_NE,197,15,184.8625967,110.7968647
h20,2,31123,Morrill_NE,198,15,279.7575254,174.9040382
h20,2,31079,Hall_NE,199,15,221.5553551,138.5430745
h20,2,31081,Hamilton_NE,200,15,246.6599063,153.927001
h20,2,31115,Loup_NE,201,15,199.5698988,122.0781331
h20,2,31063,Frontier_NE,202,15,127.5353302,81.4892725
h20,2,31125,Nance_NE,203,15,283.5865775,178.3760166
h20,2,31107,Knox_NE,204,10,261.8922633,167.7672048
h20,2,31135,Perkins_NE,205,15,160.4314019,103.3472797
h20,2,31037,Colfax_NE,206,10,265.3923949,168.2376372
h20,2,31023,Butler_NE,207,10,282.7783155,193.6156441
h20,2,31031,Cherry_NE,208,15,166.941253,135.5143039
h20,2,38099,Walsh_ND,209,9,381.7599031,222.6556752
h20,2,38085,Sioux_ND,210,18,346.7209284,224.9205837
h20,2,38013,Burke_ND,211,19,322.2923614,197.6817883
h20,2,38071,Ramsey_ND,212,19,392.2198921,229.1040873
h20,2,38081,Sargent_ND,213,9,105.0042812,70.94840501
h20,2,38035,GrandForks_ND,214,9,322.8977239,184.0564727
h20,2,38057,Mercer_ND,215,19,13.84810105,11.91418088
h20,2,38021,Dickey_ND,216,9,185.5706992,122.6142671
h20,2,38003,Barnes_ND,217,9,270.0252535,155.1539843
h20,2,38015,Burleigh_ND,218,19,127.0239503,87.33021103
h20,2,38101,Ward_ND,219,19,188.1879067,112.6790851
h20,2,38009,Bottineau_ND,220,19,270.249122,164.1730286
h20,2,38005,Benson_ND,221,19,356.2467093,203.0490664
h20,2,38089,Stark_ND,222,19,145.6031443,90.85777924
h20,2,38011,Bowman_ND,223,19,285.6549058,171.9204115
h20,2,38047,Logan_ND,224,19,286.715305,164.9513103
h20,2,38029,Emmons_ND,225,19,220.4199186,129.7497299
h20,2,38083,Sheridan_ND,226,19,148.4235707,96.03233329
h20,2,38097,Traill_ND,227,9,253.4390953,155.5173167
h20,2,38049,McHenry_ND,228,19,227.443238,135.6337514
h20,2,38045,LaMoure_ND,229,9,234.4200132,151.457271
h20,2,38043,Kidder_ND,230,19,212.4579349,126.9814065
h20,2,38063,Nelson_ND,231,9,391.7797252,231.3311528
h20,2,38091,Steele_ND,232,9,310.9320011,182.2263351
h20,2,38103,Wells_ND,233,19,318.5088948,188.0640384
h20,2,38039,Griggs_ND,234,9,334.4267173,194.4768593
h20,2,38087,Slope_ND,235,19,237.1497355,142.4942173
h20,2,38023,Divide_ND,236,19,453.3563685,268.3895986
h20,2,38051,McIntosh_ND,237,9,326.3441349,217.5438216
h20,2,38001,Adams_ND,238,19,352.0744823,208.5185516
h20,2,38019,Cavalier_ND,239,19,447.6757792,266.5875802
h20,2,38105,Williams_ND,240,19,380.5387758,221.1655506
h20,2,38017,Cass_ND,241,9,205.4052508,125.0721574
h20,2,38007,Billings_ND,242,19,194.8285594,115.6977927
h20,2,38061,Mountrail_ND,243,19,263.6166311,152.1685331
h20,2,38055,McLean_ND,244,19,108.5813843,65.71296907
h20,2,38031,Foster_ND,245,9,359.5320659,229.1404856
h20,2,38067,Pembina_ND,246,9,411.0248181,240.5475584
h20,2,38077,Richland_ND,247,9,109.950717,70.01359223
h20,2,38037,Grant_ND,248,19,139.9548024,95.89988207
h20,2,38053,McKenzie_ND,249,19,277.3640979,162.8378656
h20,2,38073,Ransom_ND,250,9,194.2069216,124.819569
h20,2,38095,Towner_ND,251,19,380.7914288,219.3883257
h20,2,38075,Renville_ND,252,19,242.3598566,143.7631065
h20,2,38093,Stutsman_ND,253,19,273.034699,160.1275893
h20,2,38033,GoldenValley_ND,254,19,220.0715405,121.2500855
h20,2,38065,Oliver_ND,255,19,48.12641018,30.85678856
h20,2,38025,Dunn_ND,256,19,76.84091951,46.90650681
h20,2,38079,Rolette_ND,257,19,339.5470134,199.615541
h20,2,38059,Morton_ND,258,19,112.1996823,73.56634334
h20,2,38069,Pierce_ND,259,19,282.31779,163.1551769
h20,2,38027,Eddy_ND,260,9,387.5710863,247.7321439
h20,2,38041,Hettinger_ND,261,19,176.6563949,114.7487593
h20,2,39063,Hancock_OH,262,6,193.704962,127.1533144
h20,2,39003,Allen_OH,263,6,211.4173344,139.4249937
h20,2,39085,Lake_OH,264,6,311.5972091,204.1307309
h20,2,39047,Fayette_OH,265,6,107.8535146,78.81282221
h20,2,39017,Butler_OH,266,7,195.7851862,160.4113189
h20,2,39115,Morgan_OH,267,6,85.83161782,68.03256015
h20,2,39133,Portage_OH,268,6,250.2895252,146.5101529
h20,2,39145,Scioto_OH,269,6,173.0368306,119.359776
h20,2,39163,Vinton_OH,270,6,119.3998306,97.4998161
h20,2,39125,Paulding_OH,271,7,225.9972722,147.6763867
h20,2,39069,Henry_OH,272,6,264.5413377,178.6631333
h20,2,39051,Fulton_OH,273,1,247.9567625,170.7867246
h20,2,39015,Brown_OH,274,6,218.1034339,146.5930997
h20,2,39091,Logan_OH,275,6,144.9356185,85.60782117
h20,2,39155,Trumbull_OH,276,6,312.1592236,192.7307505
h20,2,39131,Pike_OH,277,6,127.6117734,99.20182835
h20,2,39111,Monroe_OH,278,6,168.3519213,114.3629278
h20,2,39087,Lawrence_OH,279,6,227.8874967,161.6227766
h20,2,39001,Adams_OH,280,6,195.1068961,150.9205066
h20,2,39033,Crawford_OH,281,6,150.4683093,107.6202014
h20,2,39059,Guernsey_OH,282,6,97.19630451,65.34422124
h20,2,39161,VanWert_OH,283,7,224.3063235,144.5330044
h20,2,39129,Pickaway_OH,284,6,74.40557086,60.98742077
h20,2,39119,Muskingum_OH,285,6,50.31507367,37.28171711
h20,2,39139,Richland_OH,286,6,103.1200114,94.29476842
h20,2,39021,Champaign_OH,287,6,125.8350442,87.63329322
h20,2,39169,Wayne_OH,288,6,198.8912672,121.6172145
h20,2,39123,Ottawa_OH,289,8,286.9875655,202.2057129
h20,2,39067,Harrison_OH,290,6,169.24122,108.3329433
h20,2,39023,Clark_OH,291,6,115.9460324,78.63951898
h20,2,39073,Hocking_OH,292,6,94.00656464,81.26445266
h20,2,39109,Miami_OH,293,6,171.8895481,112.8131156
h20,2,39041,Delaware_OH,294,6,64.76245494,51.91944066
h20,2,39037,Darke_OH,295,7,147.9682631,113.7422598
h20,2,39057,Greene_OH,296,6,136.8073114,85.05865069
h20,2,39005,Ashland_OH,297,6,166.7851143,96.55266906
h20,2,39095,Lucas_OH,298,8,251.912175,185.5412041
h20,2,39007,Ashtabula_OH,299,6,353.8041608,216.9205142
h20,2,39135,Preble_OH,300,7,152.6282642,112.3062135
h20,2,39079,Jackson_OH,301,6,157.7758482,110.6516496
h20,2,39151,Stark_OH,302,6,186.1712809,109.4516987
h20,2,39099,Mahoning_OH,303,6,260.4308556,171.8317043
h20,2,39157,Tuscarawas_OH,304,6,155.8022939,101.5697499
h20,2,39071,Highland_OH,305,6,168.348198,112.6586919
h20,2,39117,Morrow_OH,306,6,91.38181178,79.0255175
h20,2,39101,Marion_OH,307,6,106.3324905,89.5410385
h20,2,39127,Perry_OH,308,6,45.80059809,34.83224415
h20,2,39043,Erie_OH,309,6,261.4640857,223.5775774
h20,2,39027,Clinton_OH,310,6,146.2705489,92.72718921
h20,2,39093,Lorain_OH,311,6,280.1782906,192.8281756
h20,2,39039,Defiance_OH,312,7,238.4532989,152.7824091
h20,2,39009,Athens_OH,313,6,112.2559702,92.48926849
h20,2,39081,Jefferson_OH,314,6,205.2441647,131.4566143
h20,2,39143,Sandusky_OH,315,6,267.9311828,176.1555688
h20,2,39113,Montgomery_OH,316,6,168.612999,112.4345129
h20,2,39011,Auglaize_OH,317,6,187.1595859,115.1484899
h20,2,39055,Geauga_OH,318,6,292.0532459,181.5666133
h20,2,39061,Hamilton_OH,319,7,198.5503735,137.169416
h20,2,39075,Holmes_OH,320,6,108.8779045,89.23787118
h20,2,39029,Columbiana_OH,321,6,240.0300282,152.5489247
h20,2,39019,Carroll_OH,322,6,188.0496272,125.9780074
h20,2,39013,Belmont_OH,323,6,142.8596681,88.31104097
h20,2,39141,Ross_OH,324,6,96.24887262,82.77612841
h20,2,39167,Washington_OH,325,6,162.5167,99.79777489
h20,2,39097,Madison_OH,326,6,85.32654558,65.37631312
h20,2,39065,Hardin_OH,327,6,151.5449245,102.7128034
h20,2,39025,Clermont_OH,328,6,222.6938873,137.3964215
h20,2,39121,Noble_OH,329,6,120.0598517,82.66406487
h20,2,39137,Putnam_OH,330,6,240.1993064,161.9648791
h20,2,39105,Meigs_OH,331,6,142.7028266,99.7596739
h20,2,39049,Franklin_OH,332,6,48.58967958,36.07858544
h20,2,39077,Huron_OH,333,6,200.4227708,128.8592921
h20,2,39173,Wood_OH,334,6,235.3932104,149.8073684
h20,2,39147,Seneca_OH,335,6,186.3228516,128.8025745
h20,2,39171,Williams_OH,336,1,215.8144354,158.2870701
h20,2,39159,Union_OH,337,6,104.3332774,66.11714506
h20,2,39035,Cuyahoga_OH,338,6,271.747468,160.6710735
h20,2,39165,Warren_OH,339,6,165.0393163,97.73543583
h20,2,39045,Fairfield_OH,340,6,37.68191705,36.16212967
h20,2,39083,Knox_OH,341,6,63.98032836,61.71421379
h20,2,39089,Licking_OH,342,6,19.24610722,20.43306527
h20,2,39153,Summit_OH,343,6,226.551098,139.8658342
h20,2,39149,Shelby_OH,344,6,185.3579027,121.5578809
h20,2,39103,Medina_OH,345,6,212.9122769,128.2070607
h20,2,39053,Gallia_OH,346,6,199.3221396,131.5076866
h20,2,39031,Coshocton_OH,347,6,81.32281377,58.31986094
h20,2,39175,Wyandot_OH,348,6,150.3311785,104.518161
h20,2,39107,Mercer_OH,349,7,174.9080254,120.9866247
h20,2,46049,Faulk_SD,350,18,239.669971,154.4746926
h20,2,46073,Jerauld_SD,351,18,173.0519385,102.0036581
h20,2,46099,Minnehaha_SD,352,10,260.9294757,153.1631703
h20,2,46033,Custer_SD,353,18,310.3515145,184.9505098
h20,2,46129,Walworth_SD,354,18,206.4932011,130.3422659
h20,2,46011,Brookings_SD,355,9,197.4317159,113.4790755
h20,2,46017,Buffalo_SD,356,18,127.0649374,75.27655826
h20,2,46039,Deuel_SD,357,9,159.0634303,96.87633291
h20,2,46115,Spink_SD,358,9,220.0848192,141.4860238
h20,2,46127,Union_SD,359,10,157.7886445,119.5555107
h20,2,46025,Clark_SD,360,9,167.8701099,110.3481706
h20,2,46085,Lyman_SD,361,18,55.96038047,33.62961583
h20,2,46135,Yankton_SD,362,10,225.9709674,142.4057724
h20,2,46035,Davison_SD,363,18,201.4006892,105.7798945
h20,2,46071,Jackson_SD,364,18,113.0041464,66.27662951
h20,2,46119,Sully_SD,365,18,127.3148762,82.71877026
h20,2,46043,Douglas_SD,366,18,213.554435,116.1775867
h20,2,46109,Roberts_SD,367,9,39.19885037,35.14120031
h20,2,46007,Bennett_SD,368,18,176.0268377,106.9950668
h20,2,46111,Sanborn_SD,369,18,219.5667467,131.6312728
h20,2,46097,Miner_SD,370,9,254.4347485,161.4332842
h20,2,46053,Gregory_SD,371,18,176.4414997,115.6351704
h20,2,46047,FallRiver_SD,372,18,356.5024221,198.4445361
h20,2,46093,Meade_SD,373,18,263.1112517,156.3352746
h20,2,46079,Lake_SD,374,9,220.2560481,137.5759298
h20,2,46063,Harding_SD,375,19,341.1708357,205.1943811
h20,2,46117,Stanley_SD,376,18,99.32235363,61.58411865
h20,2,46103,Pennington_SD,377,18,219.6955443,119.3030388
h20,2,46137,Ziebach_SD,378,18,234.1971857,149.2694995
h20,2,46091,Marshall_SD,379,9,68.30340491,48.65057653
h20,2,46095,Mellette_SD,380,18,62.55056489,40.99185486
h20,2,46045,Edmunds_SD,381,9,234.4190567,155.3209001
h20,2,46021,Campbell_SD,382,18,245.796066,155.2333327
h20,2,46061,Hanson_SD,383,18,229.8605055,118.8539098
h20,2,46029,Codington_SD,384,9,139.0351305,99.05486417
h20,2,46023,CharlesMix_SD,385,18,229.4422533,131.4385266
h20,2,46105,Perkins_SD,386,18,344.9478605,206.2377568
h20,2,46075,Jones_SD,387,18,32.2132363,25.8042811
h20,2,46121,Todd_SD,388,18,120.7719071,85.66072487
h20,2,46055,Haakon_SD,389,18,159.2018875,97.52156716
h20,2,46069,Hyde_SD,390,18,150.1386056,95.98359906
h20,2,46081,Lawrence_SD,391,18,313.4802078,181.1112031
h20,2,46067,Hutchinson_SD,392,18,276.4143653,155.6838251
h20,2,46015,Brule_SD,393,18,127.9487508,75.52881439
h20,2,46107,Potter_SD,394,18,175.6549988,117.3210113
h20,2,46065,Hughes_SD,395,18,112.451359,77.80471709
h20,2,46019,Butte_SD,396,18,349.9130828,196.6879483
h20,2,46027,Clay_SD,397,10,184.917819,114.5897803
h20,2,46009,BonHomme_SD,398,10,258.2146858,161.2982384
h20,2,46089,McPherson_SD,399,9,266.4490808,173.25543
h20,2,46003,Aurora_SD,400,18,177.9786883,97.67967255
h20,2,46005,Beadle_SD,401,18,244.3261552,147.0976216
h20,2,46013,Brown_SD,402,9,173.7676926,114.208318
h20,2,46057,Hamlin_SD,403,9,155.5425875,104.0828164
h20,2,46051,Grant_SD,404,9,103.3660841,70.59137472
h20,2,46101,Moody_SD,405,9,234.0857139,132.8974555
h20,2,46031,Corson_SD,406,18,363.5397027,244.271259
h20,2,46123,Tripp_SD,407,18,115.1083597,72.42147276
h20,2,46059,Hand_SD,408,18,189.8983509,119.1413694
h20,2,46087,McCook_SD,409,18,263.402905,135.9603202
h20,2,46102,OglalaLakota_SD,410,18,281.6989036,178.0087551
h20,2,46083,Lincoln_SD,411,10,215.1154985,160.5333155
h20,2,46125,Turner_SD,412,10,255.0216669,152.7838699
h20,2,46077,Kingsbury_SD,413,9,211.9057063,135.5435972
h20,2,46037,Day_SD,414,9,101.9863837,71.47928991
h20,2,46041,Dewey_SD,415,18,235.9894284,152.9197846
h20,2,55111,Sauk_WI,416,3,322.3016747,211.0849815
h20,2,55093,Pierce_WI,417,17,213.7715608,162.3937571
h20,2,55063,LaCrosse_WI,418,17,368.5470654,240.2514774
h20,2,55033,Dunn_WI,419,17,181.1902439,129.5216254
h20,2,55053,Jackson_WI,420,17,293.15433,192.0565717
h20,2,55047,GreenLake_WI,421,16,273.4265532,177.2073366
h20,2,55127,Walworth_WI,422,2,243.6580927,138.9257512
h20,2,55123,Vernon_WI,423,3,325.9818287,226.2637279
h20,2,55059,Kenosha_WI,424,2,281.7973178,195.1096465
h20,2,55079,Milwaukee_WI,425,16,343.4008908,285.7890197
h20,2,55003,Ashland_WI,426,17,143.1889089,111.0290465
h20,2,55085,Oneida_WI,427,17,211.0514415,154.3400684
h20,2,55137,Waushara_WI,428,16,267.3166169,178.1067659
h20,2,55129,Washburn_WI,429,17,49.83217105,41.33511539
h20,2,55065,Lafayette_WI,430,3,237.999807,159.7811266
h20,2,55135,Waupaca_WI,431,16,207.3066522,164.6454419
h20,2,55125,Vilas_WI,432,17,214.7933293,158.0668741
h20,2,55117,Sheboygan_WI,434,16,235.5025834,147.7463624
h20,2,55131,Washington_WI,435,16,300.6425621,180.534214
h20,2,55007,Bayfield_WI,436,17,125.2955699,90.62547503
h20,2,55097,Portage_WI,437,16,286.2330281,195.7908793
h20,2,55039,FondduLac_WI,438,16,235.3258386,172.0400902
h20,2,55061,Kewaunee_WI,439,16,178.6916284,123.0018401
h20,2,55067,Langlade_WI,440,16,172.5758854,127.3991215
h20,2,55105,Rock_WI,441,2,225.0238235,129.6976286
h20,2,55023,Crawford_WI,442,3,288.1271122,190.4702165
h20,2,55035,EauClaire_WI,443,17,212.1744731,140.999307
h20,2,55083,Oconto_WI,444,16,98.64710977,77.28577642
h20,2,55041,Forest_WI,445,16,158.2947861,113.6280432
h20,2,55113,Sawyer_WI,446,17,33.39815355,27.0972437
h20,2,55121,Trempealeau_WI,447,17,255.9908636,173.2467854
h20,2,55095,Polk_WI,448,17,149.0211626,117.3727506
h20,2,55045,Green_WI,449,2,265.6210086,161.3728025
h20,2,55087,Outagamie_WI,450,16,174.0768301,131.222406
h20,2,55001,Adams_WI,451,16,320.5150911,216.1902299
h20,2,55119,Taylor_WI,452,17,230.9481879,169.4953582
h20,2,55073,Marathon_WI,453,16,244.1584858,174.2615044
h20,2,55037,Florence_WI,454,16,124.1579065,92.18402536
h20,2,55005,Barron_WI,455,17,122.14631,86.70026072
h20,2,55051,Iron_WI,456,17,154.0528931,115.499026
h20,2,55081,Monroe_WI,457,17,373.0473108,222.8678342
h20,2,55101,Racine_WI,458,2,304.2675489,216.0037146
h20,2,55115,Shawano_WI,459,16,161.8436602,124.7150006
h20,2,55027,Dodge_WI,460,16,279.698079,180.580929
h20,2,55025,Dane_WI,461,2,285.1915831,168.5585774
h20,2,55015,Calumet_WI,462,16,184.0874471,127.403215
h20,2,55055,Jefferson_WI,463,2,266.6287748,158.2293426
h20,2,55013,Burnett_WI,464,17,105.8970564,81.35654085
h20,2,55017,Chippewa_WI,465,17,179.1006032,117.8490869
h20,2,55031,Douglas_WI,466,17,120.8550576,83.29799382
h20,2,55077,Marquette_WI,467,16,299.7643082,200.1707116
h20,2,55009,Brown_WI,468,16,137.7963356,100.2962459
h20,2,55103,Richland_WI,469,3,312.6318598,218.9607415
h20,2,55141,Wood_WI,470,16,328.061669,225.3190204
h20,2,55139,Winnebago_WI,471,16,212.257796,135.4461355
h20,2,55069,Lincoln_WI,472,16,235.5138532,169.135458
h20,2,55091,Pepin_WI,473,17,224.2114461,163.6448994
h20,2,55049,Iowa_WI,474,3,259.0855019,170.1894851
h20,2,55075,Marinette_WI,475,16,102.337707,78.27053193
h20,2,55099,Price_WI,476,17,146.8879356,109.5478063
h20,2,55043,Grant_WI,477,3,227.7834,153.2807277
h20,2,55021,Columbia_WI,478,2,319.9837754,186.2485078
h20,2,55019,Clark_WI,479,17,269.7675599,167.9332146
h20,2,55109,St.Croix_WI,480,17,189.8739892,147.4969008
h20,2,55057,Juneau_WI,481,16,346.5763054,233.3029021
h20,2,55107,Rusk_WI,482,17,168.8086917,118.9313125
h20,2,55133,Waukesha_WI,483,2,300.3538708,178.9579186
h20,2,55011,Buffalo_WI,484,17,273.0315812,199.4747271
h20,2,55078,Menominee_WI,485,16,145.7700884,108.0687848
h20,2,55071,Manitowoc_WI,486,16,203.9930685,167.6000963
h20,2,55029,Door_WI,487,16,235.577531,159.3249066
