,0,1,2,3,4,5,6,7,8,9,10,11,12,13,14,15,16,17,18,19,20,21,22,23,24,25,26,27,28,29,30,31,32,33,34,35,36,37,38
0,4.7502789754764585e-12,106059.1004411393,204786.93474010463,12415.306550178753,16284.5654207622,72826.72672508447,123834.21411967374,1.4181244674852867e-11,6.771817005255363e-15,49325.75067423557,89460.7857714593,103170.45916107639,78028.9759511015,22194.37039030006,83816.92584361002,3.959302610893881e-12,5077.323600834587,24864.99823227659,141665.90576344222,8.558157276506332e-12,0.0035016125837958267,0.002451695600746139,1393934679.2860372,9.516828160217057e-11,1.5899368944393247e-08,108283549.87756875,234150559.71158624,2.013994777007653e-09,9.676781559294549e-06,967488162.3507673,1.876743503350187e-14,259866382.46616134,1.3744605112683312e-09,3.6552544689122687e-09,2.4355838978668463e-06,189746003.55885705,401185266.42175996,6.404427209687346e-08,6.813543446203047e-08
1,4.750168040624967e-12,106526.69677115626,205121.2844002617,12035.231923319312,16719.396004582082,72493.09323375793,108936.437929872,5.904757598705298e-12,6.772546487999714e-15,49698.87256071311,89118.78286475858,44023.57662311511,58568.01805967862,22191.54718602387,83277.87980621296,3.959310134332125e-12,0.7618118741161197,16233.087765013715,106601.18909366462,8.473964865328709e-12,0.0010383863523216648,0.0012439941708935808,1393933757.5277135,9.516827256713717e-11,1.5899369145645887e-08,26359746.32804243,234150517.58737355,2.013994777007653e-09,9.577460086811866e-06,1049421119.2242912,1.8658239505926748e-14,259866382.46616134,1.3744604954054778e-09,3.6552543403095033e-09,2.125982621196496e-06,189746003.55885705,401185266.42175996,6.404427209687346e-08,6.81354344093505e-08
2,4.75028307553834e-12,108627.47512184721,184849.95003713513,7051.653168162086,16582.456064880487,75076.78946620238,103237.28053083041,1.4791706298241622e-12,6.772546487999714e-15,53118.316216070314,66144.91988069836,40290.7847890989,56564.5179978403,9756.066741271472,85353.23551486288,3.934117075425035e-12,11.470085612783876,457.53408348236314,95736.35020700716,8.382302433716348e-12,7.459007308642431e-06,4.730826155152206e-07,1393934679.2839122,9.516827256713717e-11,1.5899369145645887e-08,32456019.686513774,228025420.63759422,2.013994777007653e-09,2.710281701400564e-07,1049441763.7170676,1.8658239505926748e-14,259866382.46616134,1.3744605395581782e-09,3.6552543403095033e-09,2.2800920378215337e-06,189746003.55885705,401185266.42175996,6.404427209687346e-08,6.813543440514836e-08
3,4.750315579364796e-12,103629.22751933518,130896.43537997741,15839.570338557969,18743.39099667356,75848.18765022328,98153.58766452265,8.577045428398282e-11,6.6665603054714185e-15,52715.02293824611,80833.91502603467,40283.93063304319,72279.170270782,22194.37017964918,84409.58215005003,3.959315010988052e-12,418.3989073450705,1928.5004461033316,131550.65040612547,8.543225084499258e-12,0.0010886976077179532,0.002451488572568881,1391798472.5270085,9.516817523787564e-11,1.589936889297074e-08,79519803.98330157,234150521.2273046,2.013994777007653e-09,4.196113257483221e-06,998388559.1581228,1.8765863895444592e-14,259866382.46616134,1.3744604889422132e-09,3.6552542545677628e-09,2.4364885950168133e-06,189746003.55885705,401185266.42175996,6.404427209687346e-08,6.813543450985791e-08
4,4.750168040624967e-12,106526.69677115626,205804.6189583162,14457.692766193983,11379.078306836347,76521.9328511152,108993.88058824584,8.784145646788547e-12,6.772546487999714e-15,61634.991271159335,89922.62389911854,44023.57662311511,58568.01805967862,22194.37174025749,83277.87980621296,3.959310134332125e-12,9024.747284903471,17633.605361443246,100196.29614838134,8.47430166264124e-12,0.0010383863523216648,0.0012719790041541333,1393933695.0960722,9.516827256713717e-11,1.5899369145645887e-08,26359746.32804243,234150559.706288,2.013994777007653e-09,9.581484005875804e-06,1049421119.2242912,1.8658239505926748e-14,259866382.46616134,1.3744604954054778e-09,3.6552543403095033e-09,2.126702560227932e-06,189746003.55885705,401185266.42175996,6.404427209687346e-08,6.81354344093505e-08
5,4.7502789754764585e-12,99082.46048907514,189308.7565857293,12224.889867868953,16824.79744357846,72419.8394270539,112614.79816561122,9.076135755329721e-12,6.771817005255363e-15,49690.030704757875,78267.23297162917,94647.36394175963,73215.09183272773,22191.50598119995,83349.60142531767,3.959302610893881e-12,5061.329186921488,16848.590213225387,129785.49886791177,8.474251202152661e-12,0.0009506799892702344,0.002423710767789952,1393934741.286885,9.516828160217057e-11,1.5899368944393247e-08,108283549.87756875,234150517.88889474,2.013994777007653e-09,3.030691209138841e-06,967488162.3507673,1.876743503350187e-14,259866382.46616134,1.3744605112683312e-09,3.6552544689122687e-09,2.4201197059523854e-06,189746003.55885705,401185266.42175996,6.404427209687346e-08,6.813543446203047e-08
6,4.7502789754764585e-12,103280.07416014675,194019.85890226671,14543.559057853934,9939.064198858086,67515.46844092075,123501.730201041,1.458658629213249e-11,6.771817005255363e-15,61914.00070923012,88358.55974800557,80127.54774237276,64524.0450908962,22194.370343617633,83967.18523402975,3.959302610893881e-12,5620.671543180642,17130.705356782597,130711.83995115427,8.518336394073712e-12,0.003501612584119573,0.002451695600746139,1393934679.2860372,9.516828160217057e-11,1.5899368944393247e-08,108283549.87756875,234150559.71158624,2.013994777007653e-09,9.676779793929382e-06,967488162.3507673,1.876743503350187e-14,259866382.46616134,1.3744605112683312e-09,3.6552544689122687e-09,2.4423274325619664e-06,189746003.55885705,401185266.42175996,6.404427209687346e-08,6.813543446203047e-08
7,4.7502789754764585e-12,107132.70910805107,194707.55572287386,12357.929529475325,48337.52099938954,76572.69999662889,123925.58857017253,1.1182297748308553e-11,6.771817005255363e-15,49639.42199585566,89725.64440015053,66606.11234419885,73137.44052164641,22194.37007400355,86149.90359567579,3.959302610893881e-12,6004.786749731975,1055.0451848209177,130319.00749578707,8.499959938475811e-12,0.0035016125837861035,0.002451695600746139,1393934679.2860372,9.516828160217057e-11,1.5899368944393247e-08,108283549.87756875,234150559.71158624,2.013994777007653e-09,9.676781406566231e-06,967488162.3507673,1.876743503350187e-14,259866382.46616134,1.3744605112683312e-09,3.6552544689122687e-09,2.453800008807381e-06,189746003.55885705,401185266.42175996,6.404427209687346e-08,6.813543446203047e-08
8,4.7502789754764585e-12,105906.2689717988,195510.84242672456,12321.58678906448,6324.669420227625,70301.852618931,118508.31245821183,1.4394287441105824e-13,6.771817005255363e-15,49703.254187712686,89215.1739998073,102800.68742382036,73287.61538016122,22194.370354320756,86206.93325713115,3.959302610893881e-12,6193.241086107716,3267.638626483408,139582.79720938185,8.558160385800073e-12,0.003501612583747752,0.002451695600746139,1393934679.2860372,9.516828160217057e-11,1.5899368944393247e-08,108283549.87756875,234150559.71158624,2.013994777007653e-09,9.676781249379203e-06,967488162.3507673,1.876743503350187e-14,259866382.46616134,1.3744605112683312e-09,3.6552544689122687e-09,2.440547898741349e-06,189746003.55885705,401185266.42175996,6.404427209687346e-08,6.813543446203047e-08
9,4.7502789754764585e-12,103314.51544791904,195255.38390161406,12322.458601409393,30524.880439466717,76581.54937271947,118724.31268150837,9.516899561999058e-12,6.771817005255363e-15,60870.32337050525,89624.95383200869,66606.11234419885,73181.73457327516,22194.370354320756,85931.35054057064,3.959302610893881e-12,2413.2825094062027,2449.654966690729,141643.29226036975,8.500606760115874e-12,0.003501612583796413,0.002451695600746139,1393934679.2860372,9.516828160217057e-11,1.5899368944393247e-08,108283549.87756875,234150559.71158624,2.013994777007653e-09,9.676780388652188e-06,967488162.3507673,1.876743503350187e-14,259866382.46616134,1.3744605112683312e-09,3.6552544689122687e-09,2.4419865125952853e-06,189746003.55885705,401185266.42175996,6.404427209687346e-08,6.813543446203047e-08
10,4.7502789754764585e-12,105918.92387586173,198864.46287669835,12148.11433299764,30033.25976334325,73968.24555793662,118745.81711283913,1.512504522767968e-11,6.771817005255363e-15,52792.84146009958,89596.98260028921,110550.34097214337,71758.77974912513,22194.370465008404,86083.57450100235,3.959302610893881e-12,7174.095811359661,16656.09293742563,137512.19406183276,8.50260414090244e-12,0.0035016125841431335,0.002451695600746139,1393934679.2860372,9.516828160217057e-11,1.5899368944393247e-08,108283549.87756875,234150559.71158624,2.013994777007653e-09,9.676781252497272e-06,967488162.3507673,1.876743503350187e-14,259866382.46616134,1.3744605112683312e-09,3.6552544689122687e-09,2.4536835716254277e-06,189746003.55885705,401185266.42175996,6.404427209687346e-08,6.813543446203047e-08
11,4.7502789754764585e-12,106776.67780322295,192483.15117560347,18508.212917740395,23867.088175719775,77632.41619454765,123982.42839218435,1.2452022712319064e-11,6.771817005255363e-15,61228.98998943846,92765.4427481607,66576.89147706589,73804.19605586625,22194.37598612853,86079.34166291892,3.959302610893881e-12,2756.6735471934,2280.08459526398,131803.63287458647,8.501455540535614e-12,0.0035016125841333787,0.002451695600746139,1393934679.2860372,9.516828160217057e-11,1.5899368944393247e-08,108283549.87756875,234150559.71158624,2.013994777007653e-09,9.676779967806597e-06,967488162.3507673,1.876743503350187e-14,259866382.46616134,1.3744605112683312e-09,3.6552544689122687e-09,2.442189877031193e-06,189746003.55885705,401185266.42175996,6.404427209687346e-08,6.813543446203047e-08
12,4.7502789754764585e-12,107035.99883908055,198247.18564322908,12320.96568842714,6096.093768099734,72825.61689765722,123503.37238605371,4.25961622156118e-11,6.771817005255363e-15,49634.678705011574,84679.58301380937,94813.83249500181,80868.78164863476,22194.37038879413,85868.30201017248,3.959302610893881e-12,5244.497615693906,17728.872036534336,151012.1060760759,8.495009245800969e-12,0.0035016125841343874,0.002451695600746139,1393934679.2860372,9.516828160217057e-11,1.5899368944393247e-08,108283549.87756875,234150559.71158624,2.013994777007653e-09,9.67678143958661e-06,967488162.3507673,1.876743503350187e-14,259866382.46616134,1.3744605112683312e-09,3.6552544689122687e-09,2.442399149730412e-06,189746003.55885705,401185266.42175996,6.404427209687346e-08,6.813543446203047e-08
13,4.7502789754764585e-12,101611.81478804485,198488.60152156098,12320.96568842714,12629.585035993226,72825.61689765722,123503.37238605371,9.384467393634441e-12,6.771817005255363e-15,49634.678705011574,89620.79643326039,91875.66095381949,73495.08806992462,22194.37035136429,86048.43702408278,3.959302610893881e-12,2616.037347863336,24452.309569663892,119282.2040736218,8.505576653941608e-12,0.003501612583830197,0.002451695600746139,1393934679.2860372,9.516828160217057e-11,1.5899368944393247e-08,108283549.87756875,234150559.71158624,2.013994777007653e-09,9.676781452788641e-06,967488162.3507673,1.876743503350187e-14,259866382.46616134,1.3744605112683312e-09,3.6552544689122687e-09,2.4349259148185705e-06,189746003.55885705,401185266.42175996,6.404427209687346e-08,6.813543446203047e-08
14,4.7502789754764585e-12,106495.35908795895,197321.28085950762,12441.398976486938,24702.892422707486,81748.31061742321,112560.94945089558,1.540188658595531e-11,6.771817005255363e-15,60343.31911129606,89605.3370437819,98705.34843751437,80767.2201938678,22194.372062676674,81658.87847186104,3.959302610893881e-12,11129.02079040994,26187.047655480474,131237.67877136017,8.556615129694254e-12,0.0035016125837915957,0.002451695600746139,1393934679.2860372,9.516828160217057e-11,1.5899368944393247e-08,108283549.87756875,234150559.71158624,2.013994777007653e-09,9.676781396518088e-06,967488162.3507673,1.876743503350187e-14,259866382.46616134,1.3744605112683312e-09,3.6552544689122687e-09,2.4362424344664425e-06,189746003.55885705,401185266.42175996,6.404427209687346e-08,6.813543446203047e-08
15,4.7502789754764585e-12,105977.54759272188,198240.2468845718,13749.628014785229,47627.07035616294,77464.90277081757,123691.212486766,4.831099272251876e-13,6.771817005255363e-15,49447.91509776987,97797.43145050002,94536.64865987404,67956.33473594455,22194.369921880672,89821.09889577977,3.959302610893881e-12,5126.153288463713,25096.646223737513,129105.97758823166,8.558558722419986e-12,0.003501612584148054,0.002451695600746139,1393934679.2860372,9.516828160217057e-11,1.5899368944393247e-08,108283549.87756875,234150559.71158624,2.013994777007653e-09,9.676781383656697e-06,967488162.3507673,1.876743503350187e-14,259866382.46616134,1.3744605112683312e-09,3.6552544689122687e-09,2.4445369818387e-06,189746003.55885705,401185266.42175996,6.404427209687346e-08,6.813543446203047e-08
16,4.7502789754764585e-12,103557.87608550621,194019.85890226671,14543.559057853934,28780.239720336984,67553.1383640336,123832.57193466101,1.458658629213249e-11,6.771817005255363e-15,61605.072678454104,88358.55974800557,80127.54774237276,64524.0450908962,22194.3707093899,84032.66147325559,3.959302610893881e-12,5620.671543180642,25013.040217291396,141511.3345031004,8.518336394073712e-12,0.003501612584130697,0.002451695600746139,1393934679.2860372,9.516828160217057e-11,1.5899368944393247e-08,108283549.87756875,234150559.71158624,2.013994777007653e-09,9.676779793929382e-06,967488162.3507673,1.876743503350187e-14,259866382.46616134,1.3744605112683312e-09,3.6552544689122687e-09,2.4422930014020288e-06,189746003.55885705,401185266.42175996,6.404427209687346e-08,6.813543446203047e-08
17,4.7502789754764585e-12,103416.0900625663,193503.4339863262,12361.875783617817,29361.91067124632,72392.50691727898,119546.14482494487,3.442013630163325e-11,6.771817005255363e-15,57587.13088299475,89751.59667299897,136463.88332071918,74227.04338247323,22194.370393584453,86030.1570622385,3.959302610893881e-12,4286.015228016609,16953.76886082815,141175.1239957658,8.501848471625455e-12,0.0035016125841192346,0.002451695600746139,1393934679.2860372,9.516828160217057e-11,1.5899368944393247e-08,108283549.87756875,234150559.71158624,2.013994777007653e-09,9.676780396180326e-06,967488162.3507673,1.876743503350187e-14,259866382.46616134,1.3744605112683312e-09,3.6552544689122687e-09,2.453620746379381e-06,189746003.55885705,401185266.42175996,6.404427209687346e-08,6.813543446203047e-08
18,4.7502789754764585e-12,106157.76839358555,195316.84862440868,12320.96568842714,15254.013515803288,72825.61689765722,123503.37238605371,9.384467393634441e-12,6.771817005255363e-15,49634.678705011574,33828.1448596564,65701.90544655481,80986.28565425663,22194.37035136429,86048.24154892277,3.959302610893881e-12,5141.774750579384,385.3502040239837,144981.9213326648,8.504750814538672e-12,0.0035016125838216376,0.002451695600746139,1393934679.2860372,9.516828160217057e-11,1.5899368944393247e-08,108283549.87756875,234150559.71158624,2.013994777007653e-09,9.676781425959396e-06,967488162.3507673,1.876743503350187e-14,259866382.46616134,1.3744605112683312e-09,3.6552544689122687e-09,2.4349259148185705e-06,189746003.55885705,401185266.42175996,6.404427209687346e-08,6.813543446203047e-08
19,4.7502789754764585e-12,109042.11120195675,187023.462130672,16020.855069832565,21370.31182453243,77570.71508266218,123602.30452896503,9.596599373758114e-12,6.771817005255363e-15,57558.94431615784,89622.0625205944,94272.04020349929,77331.38520490254,22194.410967699125,86263.69050106747,3.959302610893881e-12,5115.411792731789,7919.1144850872515,138150.25072055112,8.558607630120152e-12,0.003501612584201544,0.002451695600746139,1393934679.2860372,9.516828160217057e-11,1.5899368944393247e-08,108283549.87756875,234150559.71158624,2.013994777007653e-09,9.676781473557317e-06,967488162.3507673,1.876743503350187e-14,259866382.46616134,1.3744605112683312e-09,3.6552544689122687e-09,2.455778649928112e-06,189746003.55885705,401185266.42175996,6.404427209687346e-08,6.813543446203047e-08
20,4.7502789754764585e-12,106829.1620892029,201961.47400096222,18335.0517280362,30142.20985706214,79739.89496300751,112977.4601940195,3.810430361052778e-11,6.771817005255363e-15,61228.98998943846,89720.48396829866,99923.41144309996,80587.61180861868,22194.376049779672,86084.76340110686,3.959302610893881e-12,5124.8694105640425,25958.857157945098,131327.6455730559,8.502574600520677e-12,0.0035016125841416494,0.002451695600746139,1393934679.2860372,9.516828160217057e-11,1.5899368944393247e-08,108283549.87756875,234150559.71158624,2.013994777007653e-09,9.676781402950236e-06,967488162.3507673,1.876743503350187e-14,259866382.46616134,1.3744605112683312e-09,3.6552544689122687e-09,2.4422801876486423e-06,189746003.55885705,401185266.42175996,6.404427209687346e-08,6.813543446203047e-08
21,4.7502789754764585e-12,106487.51458201325,197321.28085950762,16124.389773073162,24944.740005030508,81868.0887148862,119524.57958727145,1.5407231121467433e-11,6.771817005255363e-15,54181.20101907681,91375.05411638596,98765.55538234574,74334.21733614281,22194.372062676674,81658.87847186104,3.959302610893881e-12,11013.959247047515,1982.5684437466134,131237.67877136017,8.55403722595186e-12,0.0035016125837915957,0.002451695600746139,1393934679.2860372,9.516828160217057e-11,1.5899368944393247e-08,108283549.87756875,234150559.71158624,2.013994777007653e-09,9.676779931847198e-06,967488162.3507673,1.876743503350187e-14,259866382.46616134,1.3744605112683312e-09,3.6552544689122687e-09,2.4422738928810854e-06,189746003.55885705,401185266.42175996,6.404427209687346e-08,6.813543446203047e-08
22,4.7502789754764585e-12,106500.86172254174,201961.47400096222,18775.15483521418,30166.376946786917,79788.79305901127,113990.17075290903,3.810430361052778e-11,6.771817005255363e-15,61228.98998943846,89720.36077335774,98717.40117854539,74154.6089508937,22194.376049779672,86211.56153459263,3.959302610893881e-12,7089.459977812348,2280.08459526398,148092.18044983974,8.502574600520677e-12,0.0035016125841416494,0.002451695600746139,1393934679.2860372,9.516828160217057e-11,1.5899368944393247e-08,108283549.87756875,234150559.71158624,2.013994777007653e-09,9.676779878172695e-06,967488162.3507673,1.876743503350187e-14,259866382.46616134,1.3744605112683312e-09,3.6552544689122687e-09,2.4422801876486423e-06,189746003.55885705,401185266.42175996,6.404427209687346e-08,6.813543446203047e-08
23,4.7502789754764585e-12,106074.8257465375,198945.88378790798,18447.943948567918,49571.1860207147,77435.87855341134,123543.02560712026,1.615956854953242e-11,6.771817005255363e-15,54094.098809156036,102753.30694419498,102431.11466590971,80062.56693548232,22194.370354320756,86201.6291890575,3.959302610893881e-12,6166.450594916618,22611.948934852317,130255.68930395627,8.560425950527865e-12,0.0035016125841431374,0.002451695600746139,1393934679.2860372,9.516828160217057e-11,1.5899368944393247e-08,108283549.87756875,234150559.71158624,2.013994777007653e-09,9.676780421052679e-06,967488162.3507673,1.876743503350187e-14,259866382.46616134,1.3744605112683312e-09,3.6552544689122687e-09,2.4422724998076563e-06,189746003.55885705,401185266.42175996,6.404427209687346e-08,6.813543446203047e-08
24,4.7502789754764585e-12,103638.80792591328,202317.45730617893,14307.43653796434,46985.59051354539,76530.17563524035,123543.02560712026,1.5992638619784744e-11,6.771817005255363e-15,49653.97679658349,89475.26643234209,102431.11466590971,72960.09860672573,22194.370354320756,86201.11775740246,3.959302610893881e-12,5511.850212188943,14015.590649673455,130533.87766498404,8.560897874000812e-12,0.003501612583810555,0.002451695600746139,1393934679.2860372,9.516828160217057e-11,1.5899368944393247e-08,108283549.87756875,234150559.71158624,2.013994777007653e-09,9.676779839347835e-06,967488162.3507673,1.876743503350187e-14,259866382.46616134,1.3744605112683312e-09,3.6552544689122687e-09,2.435953182903912e-06,189746003.55885705,401185266.42175996,6.404427209687346e-08,6.813543446203047e-08
25,4.7502789754764585e-12,103639.69508569645,187192.21200355972,14518.486162423565,16690.416229521812,76582.28850844332,118760.46684402376,1.7940108129124027e-11,6.771817005255363e-15,60547.16606813021,89215.1739998073,66606.11234419885,72965.92265843961,22194.370311086008,86155.88942008285,3.959302610893881e-12,5119.012151848447,3168.241347434605,128261.8347316283,8.509281680299962e-12,0.003501612583795483,0.002451695600746139,1393934679.2860372,9.516828160217057e-11,1.5899368944393247e-08,108283549.87756875,234150559.71158624,2.013994777007653e-09,9.676781461605377e-06,967488162.3507673,1.876743503350187e-14,259866382.46616134,1.3744605112683312e-09,3.6552544689122687e-09,2.4359207116578703e-06,189746003.55885705,401185266.42175996,6.404427209687346e-08,6.813543446203047e-08
26,4.7502789754764585e-12,108392.36927378255,193953.6232792616,12337.30023204947,27018.002915771,67542.48053511186,118594.46287950431,1.5990902479998074e-11,6.771817005255363e-15,57572.75005013326,97380.64686252702,101937.12434098341,71100.72645870189,22194.37188832478,86242.29379782807,3.959302610893881e-12,6115.059112878581,16778.469917136776,149775.72794632078,8.554757838914953e-12,0.0035016125841300268,0.002451695600746139,1393934679.2860372,9.516828160217057e-11,1.5899368944393247e-08,108283549.87756875,234150559.71158624,2.013994777007653e-09,9.676779803171387e-06,967488162.3507673,1.876743503350187e-14,259866382.46616134,1.3744605112683312e-09,3.6552544689122687e-09,2.4387281282132486e-06,189746003.55885705,401185266.42175996,6.404427209687346e-08,6.813543446203047e-08
27,4.7502789754764585e-12,107286.40667838334,195289.65312044582,12320.96568842714,16503.372254024798,76582.29038857187,101028.90386742765,3.8461641968319325e-11,6.771817005255363e-15,61337.91392205009,89378.42044043125,99760.2802973262,73411.34594464816,22194.370676432587,85827.55915276457,3.959302610893881e-12,1363.4558465136765,2485.3378636357947,122732.38784090086,8.557388767342511e-12,0.003501612584127598,0.002451695600746139,1393934679.2860372,9.516828160217057e-11,1.5899368944393247e-08,108283549.87756875,234150559.71158624,2.013994777007653e-09,9.676780293385806e-06,967488162.3507673,1.876743503350187e-14,259866382.46616134,1.3744605112683312e-09,3.6552544689122687e-09,2.441113245752656e-06,189746003.55885705,401185266.42175996,6.404427209687346e-08,6.813543446203047e-08
28,4.7502789754764585e-12,103832.20728852037,202518.39287369524,12360.258977161538,15397.51770929576,79695.87656798508,120005.04102369268,9.981633922231643e-12,6.771817005255363e-15,57673.26040264138,90614.05990443181,99597.05876853729,74099.85221762942,22194.370428870126,86171.33888230834,3.959302610893881e-12,6915.675063789658,16829.423967638817,138342.66406978047,8.554250292779256e-12,0.003501612584141918,0.002451695600746139,1393934679.2860372,9.516828160217057e-11,1.5899368944393247e-08,108283549.87756875,234150559.71158624,2.013994777007653e-09,9.676781293721803e-06,967488162.3507673,1.876743503350187e-14,259866382.46616134,1.3744605112683312e-09,3.6552544689122687e-09,2.441054136389251e-06,189746003.55885705,401185266.42175996,6.404427209687346e-08,6.813543446203047e-08
29,4.7502789754764585e-12,102914.69233114473,204786.93474010463,12415.306550178753,28608.372239304772,72826.72672508447,123503.37238605371,1.4181244674852867e-11,6.771817005255363e-15,50016.52829160153,89460.7857714593,103170.45916107639,78028.9759511015,22194.370343709885,83816.92584361002,3.959302610893881e-12,5089.016103991977,16982.6633717674,130866.41121149604,8.558154887792212e-12,0.0035016125837958267,0.002451695600746139,1393934679.2860372,9.516828160217057e-11,1.5899368944393247e-08,108283549.87756875,234150559.71158624,2.013994777007653e-09,9.67678152060139e-06,967488162.3507673,1.876743503350187e-14,259866382.46616134,1.3744605112683312e-09,3.6552544689122687e-09,2.435819791123259e-06,189746003.55885705,401185266.42175996,6.404427209687346e-08,6.813543446203047e-08
30,4.7502789754764585e-12,107132.70910805107,205227.0293704016,12475.7990610049,48337.52099938954,76572.69999662889,123441.76118305304,1.624549058334417e-11,6.771817005255363e-15,61602.49007606086,89725.64440015053,68590.60265561745,73137.44052164641,22194.370190352427,86149.90359567579,3.959302610893881e-12,6130.5699173240555,2281.108494136367,141478.17031330816,8.510777746185009e-12,0.003501612583789889,0.002451695600746139,1393934679.2860372,9.516828160217057e-11,1.5899368944393247e-08,108283549.87756875,234150559.71158624,2.013994777007653e-09,9.676781406566231e-06,967488162.3507673,1.876743503350187e-14,259866382.46616134,1.3744605112683312e-09,3.6552544689122687e-09,2.4536391593139447e-06,189746003.55885705,401185266.42175996,6.404427209687346e-08,6.813543446203047e-08
31,4.7502789754764585e-12,107002.6510135359,195708.25648159717,14319.262876194678,28947.3267352107,77526.60442021603,118915.59467476638,3.7204372177246176e-11,6.771817005255363e-15,49822.278970941275,89597.05082805414,103037.47455359696,77290.98420155607,22194.376603536446,85963.67690891978,3.959302610893881e-12,5701.033093969753,16911.91591682741,145937.89322342767,8.500859638993326e-12,0.003501612584101286,0.002451695600746139,1393934679.2860372,9.516828160217057e-11,1.5899368944393247e-08,108283549.87756875,234150559.71158624,2.013994777007653e-09,9.676780401016582e-06,967488162.3507673,1.876743503350187e-14,259866382.46616134,1.3744605112683312e-09,3.6552544689122687e-09,2.441133021324206e-06,189746003.55885705,401185266.42175996,6.404427209687346e-08,6.813543446203047e-08
32,4.7502789754764585e-12,108465.90127314461,198463.59259239127,12320.96568842714,26306.809284530827,76582.29038857187,118740.01380455724,3.8461641968319325e-11,6.771817005255363e-15,61337.91392205009,89378.42044043125,101959.56105075638,73411.34594464816,22194.370676432587,86149.78116295497,3.959302610893881e-12,6181.586137277018,2485.3378636357947,123509.65697310981,8.557388767342511e-12,0.0035016125841873746,0.002451695600746139,1393934679.2860372,9.516828160217057e-11,1.5899368944393247e-08,108283549.87756875,234150559.71158624,2.013994777007653e-09,9.676780247230066e-06,967488162.3507673,1.876743503350187e-14,259866382.46616134,1.3744605112683312e-09,3.6552544689122687e-09,2.4411100036191995e-06,189746003.55885705,401185266.42175996,6.404427209687346e-08,6.813543446203047e-08
33,4.7502789754764585e-12,106358.59454710262,202259.69256376306,16059.501489876184,30174.00984747744,79789.1916630712,123665.43967063367,9.224395675695417e-12,6.771817005255363e-15,61209.797471693004,102138.09674621042,93652.24920502411,74169.5467185011,22194.37483077149,79404.0163228734,3.959302610893881e-12,5126.858059536645,1007.1814104544961,144981.68187587458,8.502574822947636e-12,0.003501612583821707,0.002451695600746139,1393934679.2860372,9.516828160217057e-11,1.5899368944393247e-08,108283549.87756875,234150559.71158624,2.013994777007653e-09,9.676779955174133e-06,967488162.3507673,1.876743503350187e-14,259866382.46616134,1.3744605112683312e-09,3.6552544689122687e-09,2.4420365746635326e-06,189746003.55885705,401185266.42175996,6.404427209687346e-08,6.813543446203047e-08
34,4.7502789754764585e-12,105999.80093800832,198474.37841937167,12358.550630112664,6158.824751559201,76615.32833241455,114582.54694531094,1.4394287441105824e-13,6.771817005255363e-15,49703.254187712686,88320.88773569238,102734.61889628776,77167.37180855246,22194.370354320756,86215.6076597024,3.959302610893881e-12,6141.314284548578,3552.4956200511824,145919.29456285748,8.558194012487279e-12,0.0035016125838360215,0.002451695600746139,1393934679.2860372,9.516828160217057e-11,1.5899368944393247e-08,108283549.87756875,234150559.71158624,2.013994777007653e-09,9.676781401567099e-06,967488162.3507673,1.876743503350187e-14,259866382.46616134,1.3744605112683312e-09,3.6552544689122687e-09,2.4313621554925613e-06,189746003.55885705,401185266.42175996,6.404427209687346e-08,6.813543446203047e-08
35,4.7502789754764585e-12,106061.104269645,198240.2468845718,13749.628014785229,47676.44625941157,77464.90277081757,125469.34117230482,1.595274580117055e-11,6.771817005255363e-15,49641.77957140586,116765.82084651332,94536.64865987404,78220.65377037837,22194.369921880672,89810.22725348713,3.959302610893881e-12,5126.153288463713,25096.646223737513,130832.407186837,8.561032847119225e-12,0.003501612584148054,0.002451695600746139,1393934679.2860372,9.516828160217057e-11,1.5899368944393247e-08,108283549.87756875,234150559.71158624,2.013994777007653e-09,9.676781383656697e-06,967488162.3507673,1.876743503350187e-14,259866382.46616134,1.3744605112683312e-09,3.6552544689122687e-09,2.4445369818387e-06,189746003.55885705,401185266.42175996,6.404427209687346e-08,6.813543446203047e-08
36,4.7502789754764585e-12,105975.54376421619,204786.93474010463,12415.306550178753,9892.231723856716,73023.48434523348,123503.37238605371,1.633500553713012e-11,6.771817005255363e-15,49440.62341818765,89461.6844114524,103170.45916107639,67764.65691666766,22194.370343704493,83855.47856306889,3.959302610893881e-12,5077.323600834587,16982.6633717674,129139.98161289073,8.558157276506332e-12,0.0035016125837958267,0.002451695600746139,1393934679.2860372,9.516828160217057e-11,1.5899368944393247e-08,108283549.87756875,234150559.71158624,2.013994777007653e-09,9.676781559294549e-06,967488162.3507673,1.876743503350187e-14,259866382.46616134,1.3744605112683312e-09,3.6552544689122687e-09,2.4412549040138754e-06,189746003.55885705,401185266.42175996,6.404427209687346e-08,6.813543446203047e-08
37,4.7502789754764585e-12,101611.81478804485,198488.60152156098,12320.96568842714,12629.585035993226,72825.61689765722,123503.37238605371,9.384467393634441e-12,6.771817005255363e-15,49634.678705011574,89620.79643326039,94766.49320125763,80986.28565425663,22194.37035136429,86048.43702408278,3.959302610893881e-12,5150.334062663357,16980.64271717763,150939.97956753068,8.504614873296175e-12,0.003501612583830197,0.002451695600746139,1393934679.2860372,9.516828160217057e-11,1.5899368944393247e-08,108283549.87756875,234150559.71158624,2.013994777007653e-09,9.676781452788641e-06,967488162.3507673,1.876743503350187e-14,259866382.46616134,1.3744605112683312e-09,3.6552544689122687e-09,2.4349259148185705e-06,189746003.55885705,401185266.42175996,6.404427209687346e-08,6.813543446203047e-08
38,4.7502789754764585e-12,106536.65691405426,197321.28085950762,12427.750314991883,25036.00247010961,81819.19061888244,119524.57958727145,1.5407231121467433e-11,6.771817005255363e-15,49699.57457987991,90604.46935704154,99943.17035614775,59515.94477590362,22194.37222801235,81658.87847186104,3.959302610893881e-12,11023.148749680999,25406.152889960922,131237.67877136017,8.55403722595186e-12,0.003501612583791473,0.002451695600746139,1393934679.2860372,9.516828160217057e-11,1.5899368944393247e-08,108283549.87756875,234150559.71158624,2.013994777007653e-09,9.676781367920204e-06,967488162.3507673,1.876743503350187e-14,259866382.46616134,1.3744605112683312e-09,3.6552544689122687e-09,2.4419945894970193e-06,189746003.55885705,401185266.42175996,6.404427209687346e-08,6.813543446203047e-08
39,4.7502789754764585e-12,106548.68119672993,198474.37841937167,12358.550630112664,15326.531698749925,77829.80686641732,123690.70676036716,1.4394287441105824e-13,6.771817005255363e-15,49703.254187712686,88320.88773569238,102427.47049489558,80936.44205941918,22194.370354320756,86207.17124496737,3.959302610893881e-12,6141.314284548578,3552.4956200511824,145919.29456285748,8.55849084086231e-12,0.0035016125838360215,0.002451695600746139,1393934679.2860372,9.516828160217057e-11,1.5899368944393247e-08,108283549.87756875,234150559.71158624,2.013994777007653e-09,9.676781401567099e-06,967488162.3507673,1.876743503350187e-14,259866382.46616134,1.3744605112683312e-09,3.6552544689122687e-09,2.4426343483133194e-06,189746003.55885705,401185266.42175996,6.404427209687346e-08,6.813543446203047e-08
40,4.7502789754764585e-12,103256.19022988768,198434.65588734497,13749.628014785229,48203.76876091179,76580.28982674093,123710.4854756817,1.5769536406388912e-11,6.771817005255363e-15,49447.91509776987,89759.67598968947,94649.30143225937,67956.33473594455,22194.369921880672,89748.97757234781,3.959302610893881e-12,5126.153288463713,25266.294911929937,129105.97758823166,8.561032847119225e-12,0.003501612584148054,0.002451695600746139,1393934679.2860372,9.516828160217057e-11,1.5899368944393247e-08,108283549.87756875,234150559.71158624,2.013994777007653e-09,9.676781378000003e-06,967488162.3507673,1.876743503350187e-14,259866382.46616134,1.3744605112683312e-09,3.6552544689122687e-09,2.4445369818387e-06,189746003.55885705,401185266.42175996,6.404427209687346e-08,6.813543446203047e-08
41,4.7502789754764585e-12,106548.68119672993,198474.37841937167,12358.550630112664,15326.531698749925,76615.32833241455,123690.70676036716,1.4394287441105824e-13,6.771817005255363e-15,49703.254187712686,88320.88773569238,102734.61889628776,80973.3242694196,22194.369893461753,86206.93325713115,3.959302610893881e-12,6141.314284548578,3552.4956200511824,145919.29456285748,8.564966849235083e-12,0.0035016125838305484,0.002451695600746139,1393934679.2860372,9.516828160217057e-11,1.5899368944393247e-08,108283549.87756875,234150559.71158624,2.013994777007653e-09,9.676781274312453e-06,967488162.3507673,1.876743503350187e-14,259866382.46616134,1.3744605112683312e-09,3.6552544689122687e-09,2.4544193042331567e-06,189746003.55885705,401185266.42175996,6.404427209687346e-08,6.813543446203047e-08
42,4.7502789754764585e-12,102901.0147257377,198942.96087970032,18169.937657706196,28313.89914886109,77723.57510862187,123543.02560712026,1.6154820316525186e-11,6.771817005255363e-15,49597.72718192599,101089.47777680305,102431.11466590971,80062.56693548232,22194.370354320756,86201.6291890575,3.959302610893881e-12,6166.450594916618,22611.948934852317,119361.91292618461,8.49692313058308e-12,0.003501612584134582,0.002451695600746139,1393934679.2860372,9.516828160217057e-11,1.5899368944393247e-08,108283549.87756875,234150559.71158624,2.013994777007653e-09,9.67678034628266e-06,967488162.3507673,1.876743503350187e-14,259866382.46616134,1.3744605112683312e-09,3.6552544689122687e-09,2.4422724998076563e-06,189746003.55885705,401185266.42175996,6.404427209687346e-08,6.813543446203047e-08
43,4.7502789754764585e-12,106815.81494867442,197465.70699859623,18475.61226897447,24702.892422707486,81748.31061742321,114447.06842280836,1.540188658595531e-11,6.771817005255363e-15,61221.25752332597,91359.39661148006,100198.23764310211,80767.2201938678,22194.372062676674,85716.34108455238,3.959302610893881e-12,11129.02079040994,25406.152889960922,131237.67877136017,8.556127736815065e-12,0.0035016125837915957,0.002451695600746139,1393934679.2860372,9.516828160217057e-11,1.5899368944393247e-08,108283549.87756875,234150559.71158624,2.013994777007653e-09,9.676781370417118e-06,967488162.3507673,1.876743503350187e-14,259866382.46616134,1.3744605112683312e-09,3.6552544689122687e-09,2.4422963662218253e-06,189746003.55885705,401185266.42175996,6.404427209687346e-08,6.813543446203047e-08
44,4.7502789754764585e-12,106067.2433277321,198213.90963126402,12320.96568842714,9937.76640393838,72825.61689765722,118670.77064866704,9.384467393634441e-12,6.771817005255363e-15,49634.678705011574,89620.79643326039,94766.49320125763,71054.4876149363,22194.37035136429,86048.24154892277,3.959302610893881e-12,5151.973265243131,8022.081200617372,141611.2348345783,8.5581566410706e-12,0.0035016125837970926,0.002451695600746139,1393934679.2860372,9.516828160217057e-11,1.5899368944393247e-08,108283549.87756875,234150559.71158624,2.013994777007653e-09,9.676779960517035e-06,967488162.3507673,1.876743503350187e-14,259866382.46616134,1.3744605112683312e-09,3.6552544689122687e-09,2.4349259148185705e-06,189746003.55885705,401185266.42175996,6.404427209687346e-08,6.813543446203047e-08
45,4.7502789754764585e-12,103638.27631703722,193996.12183783282,14408.178615736484,15478.402257531916,76583.0813268497,112520.85884352033,1.8047836865350412e-11,6.771817005255363e-15,61499.16534033868,96334.95052751356,88652.17293744528,73317.02421899202,22194.3691414478,86352.28223603014,3.959302610893881e-12,6065.467757949222,18099.08456215488,144910.48917656345,8.563034996808482e-12,0.003501612583785411,0.002451695600746139,1393934679.2860372,9.516828160217057e-11,1.5899368944393247e-08,108283549.87756875,234150559.71158624,2.013994777007653e-09,9.676781136659049e-06,967488162.3507673,1.876743503350187e-14,259866382.46616134,1.3744605112683312e-09,3.6552544689122687e-09,2.441054136389251e-06,189746003.55885705,401185266.42175996,6.404427209687346e-08,6.813543446203047e-08
46,4.7502789754764585e-12,105977.54759272188,198240.2468845718,13749.628014785229,47676.44625941157,77464.90277081757,171668.50281351758,1.597338686841718e-11,6.771817005255363e-15,49449.384693068496,97393.80486088096,102752.59074600294,68208.1613899289,22194.369921880672,89810.22725348713,3.959302610893881e-12,5126.153288463713,25096.646223737513,129105.97758823166,8.561032847119225e-12,0.003501612584148054,0.002451695600746139,1393934679.2860372,9.516828160217057e-11,1.5899368944393247e-08,108283549.87756875,234150559.71158624,2.013994777007653e-09,9.676781400756188e-06,967488162.3507673,1.876743503350187e-14,259866382.46616134,1.3744605112683312e-09,3.6552544689122687e-09,2.4445369818387e-06,189746003.55885705,401185266.42175996,6.404427209687346e-08,6.813543446203047e-08
47,4.7502789754764585e-12,108465.90127314461,195223.49945776915,12320.96568842714,26306.809284530827,76582.29038857187,118743.1942680172,3.8461641968319325e-11,6.771817005255363e-15,61337.91392205009,89378.42044043125,101923.59634064823,73411.34594464816,22194.370676432587,86150.00115520859,3.959302610893881e-12,6181.586137277018,2485.3378636357947,145050.46272426177,8.557388767342511e-12,0.0035016125841873746,0.002451695600746139,1393934679.2860372,9.516828160217057e-11,1.5899368944393247e-08,108283549.87756875,234150559.71158624,2.013994777007653e-09,9.67678028920485e-06,967488162.3507673,1.876743503350187e-14,259866382.46616134,1.3744605112683312e-09,3.6552544689122687e-09,2.441113245752656e-06,189746003.55885705,401185266.42175996,6.404427209687346e-08,6.813543446203047e-08
48,4.7502789754764585e-12,103262.38756058445,194045.5423910581,12214.469431273073,15477.763062787084,76443.66097232085,112520.85884352033,1.8047836865350412e-11,6.771817005255363e-15,49791.15298116883,89714.81066211987,88652.17293744528,73317.78198693792,22194.3691414478,86149.77979579635,3.959302610893881e-12,6065.467757949222,16464.208544417135,122699.68030961197,8.554250292779256e-12,0.0035016125837979083,0.002451695600746139,1393934679.2860372,9.516828160217057e-11,1.5899368944393247e-08,108283549.87756875,234150559.71158624,2.013994777007653e-09,9.676780280132812e-06,967488162.3507673,1.876743503350187e-14,259866382.46616134,1.3744605112683312e-09,3.6552544689122687e-09,2.4410567819935934e-06,189746003.55885705,401185266.42175996,6.404427209687346e-08,6.813543446203047e-08
49,4.7502789754764585e-12,107192.29165571621,194021.07904082345,12327.669529769984,16950.660084418887,79619.55174946696,123667.7006599963,1.5992678379302987e-11,6.771817005255363e-15,60954.43656215984,97472.50287060789,99773.80829766138,71100.72645870189,22194.37188832478,86352.03503864005,3.959302610893881e-12,5955.737741337553,18142.510997807833,145319.37080223684,8.563568269099793e-12,0.003501612584136784,0.002451695600746139,1393934679.2860372,9.516828160217057e-11,1.5899368944393247e-08,108283549.87756875,234150559.71158624,2.013994777007653e-09,9.676779807352343e-06,967488162.3507673,1.876743503350187e-14,259866382.46616134,1.3744605112683312e-09,3.6552544689122687e-09,2.4387281282132486e-06,189746003.55885705,401185266.42175996,6.404427209687346e-08,6.813543446203047e-08
50,4.7502789754764585e-12,103634.99246591788,195231.49860601564,12320.96568842714,47258.075600136464,66767.85296547742,118619.65146879578,1.5990862720479834e-11,6.771817005255363e-15,49784.060685928154,90625.0168374034,98646.93132292903,70976.13182063076,22194.370347831886,86171.12025721336,3.959302610893881e-12,1501.9539895558773,2638.169685197233,141057.08181933855,8.558483934583841e-12,0.003501612583776163,0.002451695600746139,1393934679.2860372,9.516828160217057e-11,1.5899368944393247e-08,108283549.87756875,234150559.71158624,2.013994777007653e-09,9.676780289037026e-06,967488162.3507673,1.876743503350187e-14,259866382.46616134,1.3744605112683312e-09,3.6552544689122687e-09,2.4533637666677315e-06,189746003.55885705,401185266.42175996,6.404427209687346e-08,6.813543446203047e-08
51,4.7502789754764585e-12,106815.81494867442,197313.37589532463,16124.389773073162,30764.400276131106,77418.69422698452,119002.84265700137,1.541394950113559e-11,6.771817005255363e-15,53708.020476421625,91375.05411638596,100218.37905372115,80759.23419340613,22194.372062676674,85761.60552964728,3.959302610893881e-12,11023.148749680999,21832.937938708317,144530.6875211277,8.55403722595186e-12,0.0035016125837914395,0.002451695600746139,1393934679.2860372,9.516828160217057e-11,1.5899368944393247e-08,108283549.87756875,234150559.71158624,2.013994777007653e-09,9.676780437670813e-06,967488162.3507673,1.876743503350187e-14,259866382.46616134,1.3744605112683312e-09,3.6552544689122687e-09,2.438554136967575e-06,189746003.55885705,401185266.42175996,6.404427209687346e-08,6.813543446203047e-08
52,4.7502789754764585e-12,105991.38594504134,195253.04797170463,14259.80669366838,24993.154202446036,79643.84218355664,123505.73110483204,1.5992687066375303e-11,6.771817005255363e-15,57691.39330852453,89725.07627881238,101704.82829769552,74191.0465525843,22194.37041075009,85824.40358544819,3.959302610893881e-12,7042.975421393857,18056.989649145824,144776.6504797912,8.500621027368273e-12,0.003501612584130307,0.002451695600746139,1393934679.2860372,9.516828160217057e-11,1.5899368944393247e-08,108283549.87756875,234150559.71158624,2.013994777007653e-09,9.67678124546956e-06,967488162.3507673,1.876743503350187e-14,259866382.46616134,1.3744605112683312e-09,3.6552544689122687e-09,2.453620746379381e-06,189746003.55885705,401185266.42175996,6.404427209687346e-08,6.813543446203047e-08
53,4.7502789754764585e-12,105906.12293125632,189691.13732166105,12361.875783617817,31562.80851494273,79643.84218355664,119466.77002910111,1.512504522767968e-11,6.771817005255363e-15,52477.03946972446,89721.64454743308,102279.32317902369,73208.19112319885,22194.369885222633,86532.04004526648,3.959302610893881e-12,5033.715812780361,17038.18611259989,130620.88665336727,8.50260414090244e-12,0.0035016125838083488,0.002451695600746139,1393934679.2860372,9.516828160217057e-11,1.5899368944393247e-08,108283549.87756875,234150559.71158624,2.013994777007653e-09,9.676781272154884e-06,967488162.3507673,1.876743503350187e-14,259866382.46616134,1.3744605112683312e-09,3.6552544689122687e-09,2.44447858224867e-06,189746003.55885705,401185266.42175996,6.404427209687346e-08,6.813543446203047e-08
54,4.7502789754764585e-12,101578.13071741564,193703.50777247132,12488.321502704313,22355.327982341547,77379.69121318989,123876.85186725968,1.5741614028026068e-11,6.771817005255363e-15,61167.03632582413,90954.69888991324,105337.1012635951,73184.31095728613,22194.370339907306,86701.42941056493,3.959302610893881e-12,5126.37279926042,16584.063144587224,138368.49753194346,8.559712172388349e-12,0.0035016125837750343,0.002451695600746139,1393934679.2860372,9.516828160217057e-11,1.5899368944393247e-08,108283549.87756875,234150559.71158624,2.013994777007653e-09,9.676780277374698e-06,967488162.3507673,1.876743503350187e-14,259866382.46616134,1.3744605112683312e-09,3.6552544689122687e-09,2.444605378726804e-06,189746003.55885705,401185266.42175996,6.404427209687346e-08,6.813543446203047e-08
55,4.7502789754764585e-12,107132.70910805107,194707.55572287386,12320.96568842714,48337.52099938954,76572.69999662889,118743.1942680172,1.1182297748308553e-11,6.771817005255363e-15,49639.42199585566,89725.64440015053,66606.11234419885,73137.44052164641,22194.37007400355,86149.90359567579,3.959302610893881e-12,6004.786749731975,1055.0451848209177,130319.00749578707,8.500606760115874e-12,0.0035016125837861035,0.002451695600746139,1393934679.2860372,9.516828160217057e-11,1.5899368944393247e-08,108283549.87756875,234150559.71158624,2.013994777007653e-09,9.676781406566231e-06,967488162.3507673,1.876743503350187e-14,259866382.46616134,1.3744605112683312e-09,3.6552544689122687e-09,2.441154384877926e-06,189746003.55885705,401185266.42175996,6.404427209687346e-08,6.813543446203047e-08
56,4.7502789754764585e-12,103508.88840395669,198247.18564322908,12320.96568842714,6096.093768099734,72825.61689765722,123503.37238605371,4.25961622156118e-11,6.771817005255363e-15,49634.678705011574,84679.58301380937,91923.00024756369,73377.58406430276,22194.37038879413,85868.30201017248,3.959302610893881e-12,2710.2008991923412,17728.872036534336,119254.9994883879,8.495971026446402e-12,0.0035016125841343874,0.002451695600746139,1393934679.2860372,9.516828160217057e-11,1.5899368944393247e-08,108283549.87756875,234150559.71158624,2.013994777007653e-09,9.67678143958661e-06,967488162.3507673,1.876743503350187e-14,259866382.46616134,1.3744605112683312e-09,3.6552544689122687e-09,2.442399149730412e-06,189746003.55885705,401185266.42175996,6.404427209687346e-08,6.813543446203047e-08
57,4.7502789754764585e-12,107002.6510135359,205685.3129903627,14474.09624877244,28947.3267352107,77526.60442021603,118915.59467476638,3.7107802730972695e-11,6.771817005255363e-15,61785.34705114647,89597.05082805414,105021.96486499427,77290.98420155607,22194.376447128805,85963.67690891978,3.959302610893881e-12,5701.033093969753,16911.91591682741,145937.89322342767,8.511030625062461e-12,0.003501612584104985,0.002451695600746139,1393934679.2860372,9.516828160217057e-11,1.5899368944393247e-08,108283549.87756875,234150559.71158624,2.013994777007653e-09,9.676780401016582e-06,967488162.3507673,1.876743503350187e-14,259866382.46616134,1.3744605112683312e-09,3.6552544689122687e-09,2.453617795760225e-06,189746003.55885705,401185266.42175996,6.404427209687346e-08,6.813543446203047e-08
58,4.7502789754764585e-12,108486.4842964497,195223.49945776915,12320.96568842714,26324.415171127483,76582.29038857187,118877.29398450872,3.8461641968319325e-11,6.771817005255363e-15,61337.91392205009,89378.42044043125,101923.59634064823,73411.34594464816,22194.370676432587,85827.55915276457,3.959302610893881e-12,6181.586137277018,2485.3378636357947,122732.38784090086,8.557388767342511e-12,0.003501612584127598,0.002451695600746139,1393934679.2860372,9.516828160217057e-11,1.5899368944393247e-08,108283549.87756875,234150559.71158624,2.013994777007653e-09,9.67678028920485e-06,967488162.3507673,1.876743503350187e-14,259866382.46616134,1.3744605112683312e-09,3.6552544689122687e-09,2.441113245752656e-06,189746003.55885705,401185266.42175996,6.404427209687346e-08,6.813543446203047e-08
59,4.7502789754764585e-12,105864.20270868225,201062.58397639374,14516.064096228147,47346.374289626,76660.0810464923,123689.49719377256,1.6031618558233298e-11,6.771817005255363e-15,60188.832070757366,89260.1930048127,101359.91678346205,73377.58406430276,22194.370244829326,86352.51481681944,3.959302610893881e-12,5095.777579863683,15464.785397961465,150619.78912324194,8.558522845103744e-12,0.0035016125841563486,0.002451695600746139,1393934679.2860372,9.516828160217057e-11,1.5899368944393247e-08,108283549.87756875,234150559.71158624,2.013994777007653e-09,9.676779980252037e-06,967488162.3507673,1.876743503350187e-14,259866382.46616134,1.3744605112683312e-09,3.6552544689122687e-09,2.44224528272667e-06,189746003.55885705,401185266.42175996,6.404427209687346e-08,6.813543446203047e-08
60,4.7502789754764585e-12,107192.29165571621,194021.07904082345,12327.669529769984,16950.660084418887,79619.55174946696,118567.34706299518,1.5990902479998074e-11,6.771817005255363e-15,49391.06289306248,97472.50287060789,99773.80829766138,71100.72645870189,22194.37188832478,86352.03503864005,3.959302610893881e-12,1296.847300857357,18142.510997807833,141391.12884974832,8.563568269099793e-12,0.003501612584136784,0.002451695600746139,1393934679.2860372,9.516828160217057e-11,1.5899368944393247e-08,108283549.87756875,234150559.71158624,2.013994777007653e-09,9.676779807352343e-06,967488162.3507673,1.876743503350187e-14,259866382.46616134,1.3744605112683312e-09,3.6552544689122687e-09,2.4387281282132486e-06,189746003.55885705,401185266.42175996,6.404427209687346e-08,6.813543446203047e-08
61,4.7502789754764585e-12,106548.68119672993,198474.37841937167,12358.550630112664,15326.531698749925,76615.32833241455,123690.70676036716,1.4394287441105824e-13,6.771817005255363e-15,49703.254187712686,88318.97431470348,102734.61889628776,80936.44205941918,22194.370354320756,86206.93325713115,3.959302610893881e-12,6141.314284548578,17512.729131643042,145919.29456285748,8.55849084086231e-12,0.0035016125838360215,0.002451695600746139,1393934679.2860372,9.516828160217057e-11,1.5899368944393247e-08,108283549.87756875,234150559.71158624,2.013994777007653e-09,9.676781402366976e-06,967488162.3507673,1.876743503350187e-14,259866382.46616134,1.3744605112683312e-09,3.6552544689122687e-09,2.4540774438597206e-06,189746003.55885705,401185266.42175996,6.404427209687346e-08,6.813543446203047e-08
62,4.7502789754764585e-12,103832.20728852037,195313.44973164273,12360.258977161538,15477.763062787084,77328.18788472722,120005.04102369268,9.606514944230814e-12,6.771817005255363e-15,57673.26040264138,90614.05990443181,99597.05876853729,73317.78198693792,22194.370428870126,86171.33888230834,3.959302610893881e-12,6915.675063789658,16829.423967638817,138342.66406978047,8.554250292779256e-12,0.0035016125837638696,0.002451695600746139,1393934679.2860372,9.516828160217057e-11,1.5899368944393247e-08,108283549.87756875,234150559.71158624,2.013994777007653e-09,9.676781293721803e-06,967488162.3507673,1.876743503350187e-14,259866382.46616134,1.3744605112683312e-09,3.6552544689122687e-09,2.441054136389251e-06,189746003.55885705,401185266.42175996,6.404427209687346e-08,6.813543446203047e-08
63,4.7502789754764585e-12,103639.69508569645,187192.21200355972,14517.317852509435,16690.416229521812,76582.28850844332,118760.46684402376,1.7940108129124027e-11,6.771817005255363e-15,60547.16606813021,89215.1739998073,66606.11234419885,72965.92265843961,22194.370311086008,86155.88942008285,3.959302610893881e-12,5119.012151848447,3168.241347434605,128261.8347316283,8.509281680299962e-12,0.003501612583795483,0.002451695600746139,1393934679.2860372,9.516828160217057e-11,1.5899368944393247e-08,108283549.87756875,234150559.71158624,2.013994777007653e-09,9.676781461605377e-06,967488162.3507673,1.876743503350187e-14,259866382.46616134,1.3744605112683312e-09,3.6552544689122687e-09,2.4359207116578703e-06,189746003.55885705,401185266.42175996,6.404427209687346e-08,6.813543446203047e-08
64,4.7502789754764585e-12,105085.22838522373,186958.9024265468,16154.677764641669,30119.32282911635,77443.2622255679,123317.30884844683,1.544445024970959e-11,6.771817005255363e-15,59719.20324063642,102233.05832356754,95174.22035745266,60838.59123013732,22194.37038578806,86209.52143712633,3.959302610893881e-12,5118.015583406335,22382.27531434692,147930.88877409173,8.557123046954734e-12,0.003501612583800844,0.002451695600746139,1393934679.2860372,9.516828160217057e-11,1.5899368944393247e-08,108283549.87756875,234150559.71158624,2.013994777007653e-09,9.676781340147285e-06,967488162.3507673,1.876743503350187e-14,259866382.46616134,1.3744605112683312e-09,3.6552544689122687e-09,2.4422704737780746e-06,189746003.55885705,401185266.42175996,6.404427209687346e-08,6.813543446203047e-08
65,4.7502789754764585e-12,101830.3150825823,174493.91393368525,16115.851266218866,21282.80528969599,77379.69121318989,123710.30872635324,1.651782270824528e-11,6.771817005255363e-15,61795.18159116875,90954.69888991324,58362.90024589485,73184.31095728613,22194.370101699667,86101.88705437238,3.959302610893881e-12,5126.37279926042,16585.292350659376,133142.24692436887,8.500890745885584e-12,0.003501612583769584,0.002451695600746139,1393934679.2860372,9.516828160217057e-11,1.5899368944393247e-08,108283549.87756875,234150559.71158624,2.013994777007653e-09,9.676781195327544e-06,967488162.3507673,1.876743503350187e-14,259866382.46616134,1.3744605112683312e-09,3.6552544689122687e-09,2.444605378726804e-06,189746003.55885705,401185266.42175996,6.404427209687346e-08,6.813543446203047e-08
66,4.7502789754764585e-12,101760.17048629784,186957.2228873725,14475.91079470333,31551.482226464825,79788.79305901127,112977.4601940195,3.810430361052778e-11,6.771817005255363e-15,61228.98998943846,89298.3503832107,58551.276911236055,72712.78283521424,22194.37615940022,82427.18579508024,3.959302610893881e-12,5115.411792731789,2280.08459526398,119427.35539604515,8.500883542168563e-12,0.0035016125841380863,0.002451695600746139,1393934679.2860372,9.516828160217057e-11,1.5899368944393247e-08,108283549.87756875,234150559.71158624,2.013994777007653e-09,9.676779967806597e-06,967488162.3507673,1.876743503350187e-14,259866382.46616134,1.3744605112683312e-09,3.6552544689122687e-09,2.44225768708669e-06,189746003.55885705,401185266.42175996,6.404427209687346e-08,6.813543446203047e-08
67,4.7502789754764585e-12,106495.35908795895,197321.28085950762,12441.398976486938,24702.892422707486,81748.31061742321,112560.94945089558,1.540188658595531e-11,6.771817005255363e-15,60343.31911129606,91359.39661148006,98705.34843751437,80767.2201938678,22194.372062676674,81658.87847186104,3.959302610893881e-12,11129.02079040994,26187.047655480474,131237.67877136017,8.556127736815065e-12,0.0035016125837915957,0.002451695600746139,1393934679.2860372,9.516828160217057e-11,1.5899368944393247e-08,108283549.87756875,234150559.71158624,2.013994777007653e-09,9.676781370417118e-06,967488162.3507673,1.876743503350187e-14,259866382.46616134,1.3744605112683312e-09,3.6552544689122687e-09,2.4362424344664425e-06,189746003.55885705,401185266.42175996,6.404427209687346e-08,6.813543446203047e-08
68,4.7502789754764585e-12,105906.12293125632,189691.13732166105,12361.875783617817,31562.80851494273,79643.84218355664,119466.77002910111,1.512504522767968e-11,6.771817005255363e-15,52477.03946972446,89721.64454743308,102279.32317902369,73208.19112319885,22194.369885222633,86532.04004526648,3.959302610893881e-12,5033.715812780361,17038.18611259989,130620.88665336727,8.50260414090244e-12,0.0035016125838083488,0.002451695600746139,1393934679.2860372,9.516828160217057e-11,1.5899368944393247e-08,108283549.87756875,234150559.71158624,2.013994777007653e-09,9.676781272154884e-06,967488162.3507673,1.876743503350187e-14,259866382.46616134,1.3744605112683312e-09,3.6552544689122687e-09,2.44447858224867e-06,189746003.55885705,401185266.42175996,6.404427209687346e-08,6.813543446203047e-08
69,4.7502789754764585e-12,103557.87608550621,194019.85890226671,14543.559057853934,28780.239720336984,67515.46844092075,123832.57193466101,1.458658629213249e-11,6.771817005255363e-15,61605.072678454104,88358.55974800557,80127.54774237276,64524.0450908962,22194.3703902132,83967.18523402975,3.959302610893881e-12,5620.671543180642,25013.040217291396,141511.3345031004,8.518336394073712e-12,0.003501612584119573,0.002451695600746139,1393934679.2860372,9.516828160217057e-11,1.5899368944393247e-08,108283549.87756875,234150559.71158624,2.013994777007653e-09,9.676779793929382e-06,967488162.3507673,1.876743503350187e-14,259866382.46616134,1.3744605112683312e-09,3.6552544689122687e-09,2.4422930014020288e-06,189746003.55885705,401185266.42175996,6.404427209687346e-08,6.813543446203047e-08
70,4.7502789754764585e-12,103638.80792591328,202317.45730617893,14308.604847878472,46985.59051354539,79673.07472807987,123542.74874093881,1.5992638619784744e-11,6.771817005255363e-15,52483.847679309685,89702.18639001306,102431.11466590971,72960.09860672573,22194.370354320756,86201.11775740246,3.959302610893881e-12,6166.17167358605,18006.512468876306,130533.87766498404,8.560897874000812e-12,0.003501612583810555,0.002451695600746139,1393934679.2860372,9.516828160217057e-11,1.5899368944393247e-08,108283549.87756875,234150559.71158624,2.013994777007653e-09,9.676779839347835e-06,967488162.3507673,1.876743503350187e-14,259866382.46616134,1.3744605112683312e-09,3.6552544689122687e-09,2.4412021319529432e-06,189746003.55885705,401185266.42175996,6.404427209687346e-08,6.813543446203047e-08
71,4.7502789754764585e-12,105906.12293125632,195253.04797170463,12359.709098937974,30995.872685401333,76517.1306151635,119429.6928344102,1.512504522767968e-11,6.771817005255363e-15,49688.21227932568,89472.83774403916,66392.97631874988,74007.64925666837,22194.3698911073,83879.3772493276,3.959302610893881e-12,5033.715812780361,17543.662284643528,122779.06532364832,8.50260414090244e-12,0.003501612583795665,0.002451695600746139,1393934679.2860372,9.516828160217057e-11,1.5899368944393247e-08,108283549.87756875,234150559.71158624,2.013994777007653e-09,9.676781276328478e-06,967488162.3507673,1.876743503350187e-14,259866382.46616134,1.3744605112683312e-09,3.6552544689122687e-09,2.4411812035778528e-06,189746003.55885705,401185266.42175996,6.404427209687346e-08,6.813543446203047e-08
72,4.7502789754764585e-12,105918.92387586173,195225.9866135471,12321.275522699972,30033.25976334325,73923.08628608871,118745.71908941433,1.512504522767968e-11,6.771817005255363e-15,52792.84146009958,89730.73164761286,99767.84279473104,71793.43102845651,22194.370401357257,86154.92866897365,3.959302610893881e-12,7174.095811359661,16656.09293742563,143179.47384754938,8.50260414090244e-12,0.003501612584142472,0.002451695600746139,1393934679.2860372,9.516828160217057e-11,1.5899368944393247e-08,108283549.87756875,234150559.71158624,2.013994777007653e-09,9.676781252497272e-06,967488162.3507673,1.876743503350187e-14,259866382.46616134,1.3744605112683312e-09,3.6552544689122687e-09,2.4536835716254277e-06,189746003.55885705,401185266.42175996,6.404427209687346e-08,6.813543446203047e-08
73,4.7502789754764585e-12,103639.69508569645,201042.03296549703,14517.317852509435,16690.416229521812,76582.28850844332,118760.56486744854,1.7879929399533133e-11,6.771817005255363e-15,60547.16606813021,89215.1739998073,66606.11234419885,72942.83526672723,22194.370311086008,86085.04776299323,3.959302610893881e-12,6177.545893348107,3168.241347434605,137251.97749298278,8.509281680299962e-12,0.0035016125837947633,0.002451695600746139,1393934679.2860372,9.516828160217057e-11,1.5899368944393247e-08,108283549.87756875,234150559.71158624,2.013994777007653e-09,9.676781461605377e-06,967488162.3507673,1.876743503350187e-14,259866382.46616134,1.3744605112683312e-09,3.6552544689122687e-09,2.4359207116578703e-06,189746003.55885705,401185266.42175996,6.404427209687346e-08,6.813543446203047e-08
74,4.7502789754764585e-12,107132.70910805107,195250.3910308591,12320.96568842714,48337.52099938954,76572.69999662889,123441.76118305304,1.6342059913218077e-11,6.771817005255363e-15,49639.42199585566,89725.64440015053,66606.11234419885,73137.44052164641,22194.37034676007,86149.90359567579,3.959302610893881e-12,6130.5699173240555,2281.108494136367,141478.17031330816,8.500606760115874e-12,0.0035016125837861894,0.002451695600746139,1393934679.2860372,9.516828160217057e-11,1.5899368944393247e-08,108283549.87756875,234150559.71158624,2.013994777007653e-09,9.676781406566231e-06,967488162.3507673,1.876743503350187e-14,259866382.46616134,1.3744605112683312e-09,3.6552544689122687e-09,2.441154384877926e-06,189746003.55885705,401185266.42175996,6.404427209687346e-08,6.813543446203047e-08
75,4.7502789754764585e-12,109042.11120195675,187023.462130672,16020.855069832565,21370.31182453243,77443.2622255679,123602.30452896503,9.596511778775798e-12,6.771817005255363e-15,57558.94431615784,89622.0625205944,94272.04020349929,77331.38520490254,22194.410967699125,86263.69050106747,3.959302610893881e-12,5115.411792731789,7919.1144850872515,138150.25072055112,8.558607630120152e-12,0.003501612584201544,0.002451695600746139,1393934679.2860372,9.516828160217057e-11,1.5899368944393247e-08,108283549.87756875,234150559.71158624,2.013994777007653e-09,9.676781473557317e-06,967488162.3507673,1.876743503350187e-14,259866382.46616134,1.3744605112683312e-09,3.6552544689122687e-09,2.455778649928112e-06,189746003.55885705,401185266.42175996,6.404427209687346e-08,6.813543446203047e-08
76,4.7502789754764585e-12,103416.0900625663,193503.4339863262,12361.875783617817,29361.91067124632,72430.17684039182,119546.14482494487,3.442013630163325e-11,6.771817005255363e-15,57587.13088299475,89751.59667299897,136463.88332071918,74227.04338247323,22194.37071276115,86095.63330146436,3.959302610893881e-12,4286.015228016609,16953.76886082815,141175.1239957658,8.501848471625455e-12,0.003501612584130359,0.002451695600746139,1393934679.2860372,9.516828160217057e-11,1.5899368944393247e-08,108283549.87756875,234150559.71158624,2.013994777007653e-09,9.676780396180326e-06,967488162.3507673,1.876743503350187e-14,259866382.46616134,1.3744605112683312e-09,3.6552544689122687e-09,2.453620746379381e-06,189746003.55885705,401185266.42175996,6.404427209687346e-08,6.813543446203047e-08
77,4.7502789754764585e-12,106059.1004411393,204786.93474010463,12415.306550178753,9892.231723856716,73023.48434523348,123503.37238605371,1.631436446988349e-11,6.771817005255363e-15,49634.487891823635,89461.6844114524,103170.45916107639,78028.9759511015,22194.370343704493,83855.47856306889,3.959302610893881e-12,5077.323600834587,16982.6633717674,130866.41121149604,8.558157276506332e-12,0.0035016125837958267,0.002451695600746139,1393934679.2860372,9.516828160217057e-11,1.5899368944393247e-08,108283549.87756875,234150559.71158624,2.013994777007653e-09,9.676781559294549e-06,967488162.3507673,1.876743503350187e-14,259866382.46616134,1.3744605112683312e-09,3.6552544689122687e-09,2.4412549040138754e-06,189746003.55885705,401185266.42175996,6.404427209687346e-08,6.813543446203047e-08
78,4.7502789754764585e-12,107132.70910805107,194721.38971417962,12320.96568842714,48337.52099938954,76375.94237647988,118743.1942680172,1.4208940118187457e-11,6.771817005255363e-15,49639.612809043596,89724.74576015743,66606.11234419885,73137.44052164641,22194.370346684565,86111.35087621691,3.959302610893881e-12,6004.786749731975,1055.0451848209177,130319.00749578707,8.500606760115874e-12,0.0035016125837861035,0.002451695600746139,1393934679.2860372,9.516828160217057e-11,1.5899368944393247e-08,108283549.87756875,234150559.71158624,2.013994777007653e-09,9.676781406566231e-06,967488162.3507673,1.876743503350187e-14,259866382.46616134,1.3744605112683312e-09,3.6552544689122687e-09,2.4355178098908346e-06,189746003.55885705,401185266.42175996,6.404427209687346e-08,6.813543446203047e-08
79,4.7502789754764585e-12,103203.07148342502,195231.49860601564,12320.96568842714,47258.075600136464,66548.33312867714,123720.00506579691,1.5992638619784744e-11,6.771817005255363e-15,57593.57440236462,89725.76759509146,98646.93132292903,70976.13182063076,22194.371183846055,86149.78116295497,3.959302610893881e-12,6093.285896983021,2998.3592412762837,144985.32377182707,8.558483934583841e-12,0.0035016125841416386,0.002451695600746139,1393934679.2860372,9.516828160217057e-11,1.5899368944393247e-08,108283549.87756875,234150559.71158624,2.013994777007653e-09,9.676781414713133e-06,967488162.3507673,1.876743503350187e-14,259866382.46616134,1.3744605112683312e-09,3.6552544689122687e-09,2.4533637666677315e-06,189746003.55885705,401185266.42175996,6.404427209687346e-08,6.813543446203047e-08
80,4.7502789754764585e-12,106500.86172254174,201961.47400096222,18335.0517280362,30166.376946786917,79788.79305901127,114526.91403181996,3.810430361052778e-11,6.771817005255363e-15,61228.98998943846,89720.36077335774,98717.40117854539,74154.6089508937,22194.376049779672,86084.88583382768,3.959302610893881e-12,7089.459977812348,2280.08459526398,114588.74617350596,8.502574600520677e-12,0.0035016125841416494,0.002451695600746139,1393934679.2860372,9.516828160217057e-11,1.5899368944393247e-08,108283549.87756875,234150559.71158624,2.013994777007653e-09,9.676779967806597e-06,967488162.3507673,1.876743503350187e-14,259866382.46616134,1.3744605112683312e-09,3.6552544689122687e-09,2.4422801876486423e-06,189746003.55885705,401185266.42175996,6.404427209687346e-08,6.813543446203047e-08
81,4.7502789754764585e-12,106358.59454710262,194600.02031669012,16015.108225654332,21048.152292351886,79745.7599334977,123665.43967063367,9.224395675695417e-12,6.771817005255363e-15,61482.165603226786,102138.09674621042,66928.25063961769,74169.5467185011,22194.37483077149,85842.75595609774,3.959302610893881e-12,5126.858059536645,996.0450672548905,144981.68187587458,8.501513406711357e-12,0.003501612583821707,0.002451695600746139,1393934679.2860372,9.516828160217057e-11,1.5899368944393247e-08,108283549.87756875,234150559.71158624,2.013994777007653e-09,9.676779955174133e-06,967488162.3507673,1.876743503350187e-14,259866382.46616134,1.3744605112683312e-09,3.6552544689122687e-09,2.4420365746635326e-06,189746003.55885705,401185266.42175996,6.404427209687346e-08,6.813543446203047e-08
82,4.7502789754764585e-12,105906.12293125632,200311.22631606017,12321.275522699972,20609.573494799275,73435.83531641935,123490.20557286493,1.3967946594348995e-11,6.771817005255363e-15,52518.083162051866,89720.26353787599,100134.97410481867,71781.4523406684,22194.37040251354,86619.29078806762,3.959302610893881e-12,5100.114547277556,16953.76886082815,137512.19406183276,8.50260414090244e-12,0.003501612584130307,0.002451695600746139,1393934679.2860372,9.516828160217057e-11,1.5899368944393247e-08,108283549.87756875,234150559.71158624,2.013994777007653e-09,9.676781436980982e-06,967488162.3507673,1.876743503350187e-14,259866382.46616134,1.3744605112683312e-09,3.6552544689122687e-09,2.429408579745076e-06,189746003.55885705,401185266.42175996,6.404427209687346e-08,6.813543446203047e-08
83,4.7502789754764585e-12,106067.2433277321,198261.40874541842,12320.96568842714,9937.76640393838,72825.61689765722,118668.18952603416,9.384467393634441e-12,6.771817005255363e-15,49634.678705011574,89620.79643326039,94766.49320125763,73336.70120705277,22194.37035136429,86048.24154892277,3.959302610893881e-12,5151.973265243131,8022.081200617372,141611.2348345783,8.5581566410706e-12,0.0035016125837970926,0.002451695600746139,1393934679.2860372,9.516828160217057e-11,1.5899368944393247e-08,108283549.87756875,234150559.71158624,2.013994777007653e-09,9.676779960517035e-06,967488162.3507673,1.876743503350187e-14,259866382.46616134,1.3744605112683312e-09,3.6552544689122687e-09,2.4349259148185705e-06,189746003.55885705,401185266.42175996,6.404427209687346e-08,6.813543446203047e-08
84,4.7502789754764585e-12,106059.1004411393,204786.93474010463,12415.306550178753,49322.985998936274,72826.72672508447,123503.37238605371,1.4181244674852867e-11,6.771817005255363e-15,50016.52829160153,89460.7857714593,103170.45916107639,78028.9759511015,22194.370343709885,83816.92584361002,3.959302610893881e-12,5089.016103991977,16982.6633717674,130866.41121149604,8.558154887792212e-12,0.0035016125837958267,0.002451695600746139,1393934679.2860372,9.516828160217057e-11,1.5899368944393247e-08,108283549.87756875,234150559.71158624,2.013994777007653e-09,9.676781559294549e-06,967488162.3507673,1.876743503350187e-14,259866382.46616134,1.3744605112683312e-09,3.6552544689122687e-09,2.435819791123259e-06,189746003.55885705,401185266.42175996,6.404427209687346e-08,6.813543446203047e-08
85,4.7502789754764585e-12,105991.38594504134,195253.04797170463,14259.80669366838,24993.154202446036,79643.84218355664,123505.73110483204,1.5992687066375303e-11,6.771817005255363e-15,57691.39330852453,89725.07627881238,99767.84279473104,74191.0465525843,22194.37041075009,85824.40358544819,3.959302610893881e-12,7042.975421393857,18056.989649145824,144776.6504797912,8.500621027368273e-12,0.003501612584130307,0.002451695600746139,1393934679.2860372,9.516828160217057e-11,1.5899368944393247e-08,108283549.87756875,234150559.71158624,2.013994777007653e-09,9.67678124546956e-06,967488162.3507673,1.876743503350187e-14,259866382.46616134,1.3744605112683312e-09,3.6552544689122687e-09,2.453620746379381e-06,189746003.55885705,401185266.42175996,6.404427209687346e-08,6.813543446203047e-08
86,4.7502789754764585e-12,106815.81494867442,197313.37589532463,16124.389773073162,48507.320370638154,81819.19061888244,119002.84265700137,1.541394950113559e-11,6.771817005255363e-15,60912.27927380371,91375.05411638596,100218.37905372115,80767.2201938678,22194.372062676674,85761.60552964728,3.959302610893881e-12,11023.148749680999,21832.937938708317,144530.6875211277,8.55403722595186e-12,0.0035016125837914395,0.002451695600746139,1393934679.2860372,9.516828160217057e-11,1.5899368944393247e-08,108283549.87756875,234150559.71158624,2.013994777007653e-09,9.676781366990838e-06,967488162.3507673,1.876743503350187e-14,259866382.46616134,1.3744605112683312e-09,3.6552544689122687e-09,2.438554136967575e-06,189746003.55885705,401185266.42175996,6.404427209687346e-08,6.813543446203047e-08
87,4.7502789754764585e-12,108465.90127314461,195250.3910308591,12321.749051083983,25983.103179272443,76566.10286412547,118743.1942680172,3.8461641968319325e-11,6.771817005255363e-15,61337.91392205009,89704.4788121439,66598.0014420202,58064.663944867796,22194.370676432587,86150.00263428398,3.959302610893881e-12,6181.586137277018,1763.113797829703,130440.40289066832,8.553186101302205e-12,0.0035016125841873746,0.002451695600746139,1393934679.2860372,9.516828160217057e-11,1.5899368944393247e-08,108283549.87756875,234150559.71158624,2.013994777007653e-09,9.676780285031254e-06,967488162.3507673,1.876743503350187e-14,259866382.46616134,1.3744605112683312e-09,3.6552544689122687e-09,2.441222880516434e-06,189746003.55885705,401185266.42175996,6.404427209687346e-08,6.813543446203047e-08
88,4.7502789754764585e-12,103262.38756058445,194045.5423910581,12214.469431273073,15477.763062787084,76443.66097232085,112520.85884352033,1.8047836865350412e-11,6.771817005255363e-15,49791.15298116883,89410.6391361302,88660.28383962395,73320.88879865775,22194.3691414478,86149.77831672096,3.959302610893881e-12,6065.467757949222,16464.208544417135,145017.75519297292,8.554241989952685e-12,0.0035016125837979083,0.002451695600746139,1393934679.2860372,9.516828160217057e-11,1.5899368944393247e-08,108283549.87756875,234150559.71158624,2.013994777007653e-09,9.676780280132812e-06,967488162.3507673,1.876743503350187e-14,259866382.46616134,1.3744605112683312e-09,3.6552544689122687e-09,2.4410567819935934e-06,189746003.55885705,401185266.42175996,6.404427209687346e-08,6.813543446203047e-08
89,4.7502789754764585e-12,108465.90127314461,195223.49945776915,12320.96568842714,26306.809284530827,76529.66335857823,118743.1942680172,3.8461641968319325e-11,6.771817005255363e-15,61534.12952053802,89378.42044043125,101923.59634064823,73411.34594464816,22194.37067623556,86149.78116295497,3.959302610893881e-12,6166.330381900769,2485.3378636357947,122732.38784090086,8.557388767342511e-12,0.0035016125841873746,0.002451695600746139,1393934679.2860372,9.516828160217057e-11,1.5899368944393247e-08,108283549.87756875,234150559.71158624,2.013994777007653e-09,9.67678028920485e-06,967488162.3507673,1.876743503350187e-14,259866382.46616134,1.3744605112683312e-09,3.6552544689122687e-09,2.441113245752656e-06,189746003.55885705,401185266.42175996,6.404427209687346e-08,6.813543446203047e-08
90,4.7502789754764585e-12,107132.70910805107,195250.3910308591,12351.907535573753,48337.52099938954,76572.69999662889,118624.81619331086,1.6342059913218077e-11,6.771817005255363e-15,49703.40786216944,89725.64440015053,70077.6348757748,73137.44052164641,22194.370346684565,86149.90359567579,3.959302610893881e-12,6141.467265134141,2279.116998174108,130894.17739230965,8.557698984967292e-12,0.0035016125837861035,0.002451695600746139,1393934679.2860372,9.516828160217057e-11,1.5899368944393247e-08,108283549.87756875,234150559.71158624,2.013994777007653e-09,9.676781406566231e-06,967488162.3507673,1.876743503350187e-14,259866382.46616134,1.3744605112683312e-09,3.6552544689122687e-09,2.441154384877926e-06,189746003.55885705,401185266.42175996,6.404427209687346e-08,6.813543446203047e-08
91,4.7502789754764585e-12,106059.1004411393,195152.69474507717,12331.78766038683,9892.231723856716,72826.72672508447,123621.75046076006,1.4181244674852867e-11,6.771817005255363e-15,49634.678705011574,89460.7857714593,94766.49320125763,65742.4883211121,22194.370343704493,83832.91814178739,3.959302610893881e-12,5077.323600834587,16977.81817915229,130291.24131497345,8.558157276506332e-12,0.0035016125837957863,0.002451695600746139,1393934679.2860372,9.516828160217057e-11,1.5899368944393247e-08,108283549.87756875,234150559.71158624,2.013994777007653e-09,9.676781437337151e-06,967488162.3507673,1.876743503350187e-14,259866382.46616134,1.3744605112683312e-09,3.6552544689122687e-09,2.4356183290267835e-06,189746003.55885705,401185266.42175996,6.404427209687346e-08,6.813543446203047e-08
92,4.7502789754764585e-12,105918.92387586173,198864.46287669835,12321.275522699972,30033.25976334325,73968.24555793662,118745.81711283913,1.512504522767968e-11,6.771817005255363e-15,52792.84146009958,89730.73164761286,102469.42781912106,71772.85943500206,22194.370401357257,86083.57450100235,3.959302610893881e-12,7174.095811359661,16656.09293742563,137512.19406183276,8.50260414090244e-12,0.0035016125841431335,0.002451695600746139,1393934679.2860372,9.516828160217057e-11,1.5899368944393247e-08,108283549.87756875,234150559.71158624,2.013994777007653e-09,9.676781252497272e-06,967488162.3507673,1.876743503350187e-14,259866382.46616134,1.3744605112683312e-09,3.6552544689122687e-09,2.4536835716254277e-06,189746003.55885705,401185266.42175996,6.404427209687346e-08,6.813543446203047e-08
93,4.7502789754764585e-12,105977.54759272188,198240.2468845718,13749.628014785229,47676.44625941157,79543.25186209154,123710.4854756817,1.597338686841718e-11,6.771817005255363e-15,49447.91509776987,97393.80486088096,94536.64865987404,67956.33473594455,22194.369921880672,89810.22725348713,3.959302610893881e-12,5126.153288463713,25096.646223737513,130388.98313920708,8.561032847119225e-12,0.003501612584148054,0.002451695600746139,1393934679.2860372,9.516828160217057e-11,1.5899368944393247e-08,108283549.87756875,234150559.71158624,2.013994777007653e-09,9.676781383656697e-06,967488162.3507673,1.876743503350187e-14,259866382.46616134,1.3744605112683312e-09,3.6552544689122687e-09,2.4445369818387e-06,189746003.55885705,401185266.42175996,6.404427209687346e-08,6.813543446203047e-08
94,4.7502789754764585e-12,105906.12293125632,194604.18401447136,16113.851305046706,30672.166580142944,77565.49309228268,119546.14482494487,9.81074277340283e-12,6.771817005255363e-15,52518.083162051866,89618.49520010734,102307.82950274575,73199.59821753252,22194.369898767098,81139.16942990836,3.959302610893881e-12,5032.020447147941,16806.461818095642,129204.07482244038,8.50260414090244e-12,0.0035016125837971637,0.002451695600746139,1393934679.2860372,9.516828160217057e-11,1.5899368944393247e-08,108283549.87756875,234150559.71158624,2.013994777007653e-09,9.67678127423145e-06,967488162.3507673,1.876743503350187e-14,259866382.46616134,1.3744605112683312e-09,3.6552544689122687e-09,2.4421662049238947e-06,189746003.55885705,401185266.42175996,6.404427209687346e-08,6.813543446203047e-08
95,4.7502789754764585e-12,108824.51437328232,198261.40874541842,12319.23272430523,12655.677945194337,72825.61689765722,123503.37238605371,9.384467393634441e-12,6.771817005255363e-15,49634.678705011574,89621.35109540842,104629.17868507768,73336.70120705277,22194.370291131447,86093.01233488998,3.959302610893881e-12,5150.334062663357,8022.081200617372,141611.2348345783,8.5581566410706e-12,0.0035016125837970926,0.002451695600746139,1393934679.2860372,9.516828160217057e-11,1.5899368944393247e-08,108283549.87756875,234150559.71158624,2.013994777007653e-09,9.67678143937336e-06,967488162.3507673,1.876743503350187e-14,259866382.46616134,1.3744605112683312e-09,3.6552544689122687e-09,2.434465426393346e-06,189746003.55885705,401185266.42175996,6.404427209687346e-08,6.813543446203047e-08
96,4.7502789754764585e-12,106324.05864679371,195253.04797170463,12363.608747739729,29653.9155597811,72430.17684039182,119546.14482494487,3.442013630163325e-11,6.771817005255363e-15,52513.47396774927,95682.89264784571,95137.00151241677,74227.04338247323,22194.370772993992,86050.86251549715,3.959302610893881e-12,4286.015228016609,16953.76886082815,141211.5299581101,8.50260414090244e-12,0.003501612584130359,0.002451695600746139,1393934679.2860372,9.516828160217057e-11,1.5899368944393247e-08,108283549.87756875,234150559.71158624,2.013994777007653e-09,9.67677996529253e-06,967488162.3507673,1.876743503350187e-14,259866382.46616134,1.3744605112683312e-09,3.6552544689122687e-09,2.454081234804606e-06,189746003.55885705,401185266.42175996,6.404427209687346e-08,6.813543446203047e-08
97,4.7502789754764585e-12,101611.81478804485,198488.60152156098,12320.848427099667,12629.585035993226,72825.61689765722,123503.37238605371,9.384467393634441e-12,6.771817005255363e-15,49635.1735377579,89620.79643326039,94766.49320125763,80986.28565425663,22194.37035139225,86205.28303224465,3.959302610893881e-12,6354.391147365683,16980.64271717763,151039.31066132282,8.504614873296175e-12,0.003501612583830197,0.002451695600746139,1393934679.2860372,9.516828160217057e-11,1.5899368944393247e-08,108283549.87756875,234150559.71158624,2.013994777007653e-09,9.676781452788641e-06,967488162.3507673,1.876743503350187e-14,259866382.46616134,1.3744605112683312e-09,3.6552544689122687e-09,2.4349259148185705e-06,189746003.55885705,401185266.42175996,6.404427209687346e-08,6.813543446203047e-08
98,4.7502789754764585e-12,106358.59454710262,202259.69256376306,16059.501489876184,30174.00984747744,79789.1916630712,123665.43967063367,9.224395675695417e-12,6.771817005255363e-15,61209.797471693004,102138.09674621042,66928.25063961769,74169.5467185011,22194.37483077149,79404.0163228734,3.959302610893881e-12,5126.858059536645,1007.1814104544961,144981.68187587458,8.502574822947636e-12,0.003501612583821707,0.002451695600746139,1393934679.2860372,9.516828160217057e-11,1.5899368944393247e-08,108283549.87756875,234150559.71158624,2.013994777007653e-09,9.676779955174133e-06,967488162.3507673,1.876743503350187e-14,259866382.46616134,1.3744605112683312e-09,3.6552544689122687e-09,2.4420365746635326e-06,189746003.55885705,401185266.42175996,6.404427209687346e-08,6.813543446203047e-08
99,4.7502789754764585e-12,109003.3204297235,195255.38390161406,12327.302450484558,30524.880439466717,76582.29038857187,119483.3003125567,1.5992638619784744e-11,6.771817005255363e-15,60818.949114863506,89705.16206383302,66606.11234419885,73181.73457327516,22194.370354320756,85956.3585695379,3.959302610893881e-12,5583.014351817754,16638.949077933532,141643.29226036975,8.500619492854315e-12,0.003501612583796413,0.002451695600746139,1393934679.2860372,9.516828160217057e-11,1.5899368944393247e-08,108283549.87756875,234150559.71158624,2.013994777007653e-09,9.67678141547933e-06,967488162.3507673,1.876743503350187e-14,259866382.46616134,1.3744605112683312e-09,3.6552544689122687e-09,2.4419865125952853e-06,189746003.55885705,401185266.42175996,6.404427209687346e-08,6.813543446203047e-08
