,biomass_cost_corn,biomass_cost_soy,min_energy_shortfall,energy_differences
0,24447847994,1.98644E+12,9942167228,1.74672E+11
1,23558924162,1.98401E+12,11275234338,2.03125E+11
2,23601052537,1.9812E+12,11293474733,1.94672E+11
3,23590473030,1.97589E+12,11412877477,1.96772E+11
4,23624232059,1.9861E+12,11152867571,2.01406E+11
5,23540808261,1.98E+12,11364503486,1.96909E+11
6,23678151996,1.99107E+12,10653707901,1.87988E+11
7,23521247381,1.98154E+12,11475528981,1.98539E+11
8,24329963210,1.99376E+12,10221107835,1.76127E+11
9,24130102021,1.98439E+12,10655736773,1.81386E+11
10,23520423715,1.97927E+12,11411794653,2.01077E+11
11,23572297329,1.98388E+12,11262011282,2.02511E+11
12,23622527247,1.98598E+12,11175912169,2.018E+11
13,23701276036,1.99293E+12,10603984280,1.88123E+11
14,24492431807,2.05223E+12,8902513223,1.93475E+11
15,24133309704,1.98454E+12,10650952066,1.81243E+11
16,24583138389,2.0088E+12,9695402572,1.7027E+11
17,25080551264,2.05199E+12,8095209343,1.78045E+11
18,23596671415,1.97651E+12,11303695443,1.94655E+11
19,23729178211,1.98046E+12,10898516331,1.83495E+11
20,24266059093,2.01622E+12,9663611901,1.8227E+11
21,24639840541,1.9993E+12,9709529516,1.70823E+11
22,24742057610,1.99906E+12,9358073191,1.77357E+11
23,24524099062,2.01331E+12,9281233831,1.73367E+11
24,24226212269,1.99831E+12,10281549359,1.79937E+11
25,23684318891,1.98271E+12,11173734399,1.9794E+11
26,23557082272,1.97441E+12,11462800913,1.96417E+11
27,24720040572,2.03035E+12,8791049482,1.73934E+11
28,23599600257,1.979E+12,11296650595,1.93404E+11
29,24295218997,1.99223E+12,10258506715,1.76488E+11
30,23657950095,1.98488E+12,11107482670,1.96633E+11
31,24327496129,1.99297E+12,10249198389,1.75992E+11
32,24951521110,2.0148E+12,8943239126,1.78701E+11
33,23828322031,1.98836E+12,10700053060,1.83688E+11
34,23723300300,1.98167E+12,10890195104,1.83765E+11
35,23602857119,1.98215E+12,11202789585,1.97701E+11
36,23612903818,1.97538E+12,11412983898,1.95483E+11
37,23554429297,1.98593E+12,11292290575,2.04113E+11
38,25209504393,2.04538E+12,8485208361,1.73173E+11
39,23590989324,1.97688E+12,11392501486,1.96257E+11
40,24506328964,2.05074E+12,8931458224,1.92457E+11
41,23462520431,1.98985E+12,10817578514,1.91429E+11
42,23772526926,1.98967E+12,10742139775,1.85297E+11
43,23861155848,1.98707E+12,10653547754,1.8525E+11
44,23722424840,1.98228E+12,10894994190,1.84108E+11
45,24586247244,2.00765E+12,9732394000,1.69276E+11
46,23560368020,1.98009E+12,11275639755,1.9856E+11
47,24187193217,2.03001E+12,9409957888,1.89317E+11
48,24665138659,2.02654E+12,8889020581,1.73854E+11
49,24268199548,2.03013E+12,9478898095,1.86884E+11
50,24717487109,2.02971E+12,8826989621,1.73878E+11
51,23640913774,1.9772E+12,11380967612,1.93659E+11
52,25128210722,2.05374E+12,8064931587,1.77641E+11
53,25110902382,2.04229E+12,8499762104,1.73247E+11
54,23789286771,1.98421E+12,10800415504,1.82961E+11
55,24222935988,2.02787E+12,9542352802,1.87007E+11
56,24653829226,2.02587E+12,8977306643,1.73751E+11
57,24760390715,2.03484E+12,8692708294,1.74469E+11
58,23738526790,1.9923E+12,10474067159,1.87612E+11
59,24824781022,2.04482E+12,8498072507,1.75344E+11
60,24237637420,1.99525E+12,10316153251,1.78755E+11
61,24201950902,1.99948E+12,10320628230,1.78807E+11
62,24220714845,1.98915E+12,10461741901,1.76949E+11
63,25041148134,2.04821E+12,8118927088,1.76683E+11
64,25167678122,2.04296E+12,8583712473,1.71555E+11
65,24623567773,2.03003E+12,8913521844,1.76736E+11
66,24934033843,2.04202E+12,8462862047,1.77201E+11
67,24513125769,2.04986E+12,8937550598,1.89407E+11
68,24795401608,2.01464E+12,9077053074,1.78084E+11
69,23591529317,1.97614E+12,11314209408,1.94613E+11
70,24888621277,2.03976E+12,8502005733,1.74237E+11
71,24669941538,2.05687E+12,8118125436,1.84835E+11
72,24205819383,2.01428E+12,9774755478,1.89603E+11
73,25705104812,2.10036E+12,8059059105,1.72623E+11
74,24273268301,1.99405E+12,10286945235,1.77723E+11
75,23741443916,1.98269E+12,10880312883,1.83727E+11
76,25355346470,2.06393E+12,7964695048,1.7459E+11
77,24745909603,2.00757E+12,9478623088,1.71206E+11
78,24208187609,1.99718E+12,10263477152,1.80146E+11
79,25114982775,2.06631E+12,7773866004,1.77155E+11
80,24973422424,2.05044E+12,8233978465,1.74985E+11
81,24566936305,2.0129E+12,9284912988,1.73916E+11
82,23603866674,1.98283E+12,11205521136,1.95484E+11
83,24828079282,2.04507E+12,8494171033,1.75408E+11
84,24494855217,2.00339E+12,9868231616,1.69818E+11
85,24625466521,2.03108E+12,8819278774,1.77025E+11
86,24623836123,2.00917E+12,9681384855,1.69418E+11
87,23703282851,1.99265E+12,10610155426,1.87879E+11
88,24107532025,2.02122E+12,9745172205,1.87346E+11
89,23935210288,2.0062E+12,9925708289,1.83392E+11
90,24237654235,2.00336E+12,10227725757,1.7961E+11
91,25066691982,2.05755E+12,7933544401,1.75491E+11
92,23489309598,1.97798E+12,11447319923,1.9914E+11
93,24088878901,2.02254E+12,9718516311,1.86719E+11
94,24086451147,2.01816E+12,9775403435,1.88207E+11
95,25529826382,2.06163E+12,7859871953,1.77963E+11
96,24446777772,2.04473E+12,9047995205,1.92056E+11
97,24989563919,2.02085E+12,8821963556,1.79086E+11
98,24905385262,2.04396E+12,8256754871,1.7594E+11
99,24600294369,1.99535E+12,9803879274,1.73521E+11
100,24111868764,1.98326E+12,10691518746,1.81223E+11
101,23448478455,1.97415E+12,11730145885,2.00192E+11
102,24938879574,2.03379E+12,9042944082,1.70724E+11
103,25553391563,2.07213E+12,7746512110,1.72775E+11
104,24603251438,2.00892E+12,9683994970,1.69817E+11
105,25098950308,2.05449E+12,8043276139,1.78288E+11
106,25017809651,2.05469E+12,8156839731,1.7507E+11
107,24873086547,2.01483E+12,8967723472,1.75707E+11
108,24205866913,2.02344E+12,9550350874,1.9005E+11
109,25480010096,2.0805E+12,8545993046,1.71778E+11
110,23829527354,1.99017E+12,10654575004,1.84294E+11
111,24769298419,2.0254E+12,9432475503,1.70459E+11
112,23836328463,1.99952E+12,10104839072,1.82682E+11
113,24797994345,2.03898E+12,8581685308,1.7481E+11
114,23550300955,1.97751E+12,11364322619,1.9677E+11
115,25214082797,2.06048E+12,7870186347,1.78073E+11
116,24172977103,1.987E+12,10502652029,1.76826E+11
117,24122099529,1.98606E+12,10602112690,1.81433E+11
118,24453904809,2.00342E+12,9795902273,1.69853E+11
119,23939420285,2.00249E+12,9984949591,1.81927E+11
120,25267385401,2.06543E+12,7694631813,1.78553E+11
121,23664709749,1.99312E+12,10500570357,1.89656E+11
122,23747003599,1.9833E+12,10858135634,1.841E+11
123,23574713363,1.97833E+12,11330837820,1.93975E+11
124,24536807532,2.02237E+12,9059430918,1.77288E+11
125,25186204338,2.04554E+12,8396123970,1.72943E+11
126,24190920275,2.03115E+12,9385236930,1.89303E+11
127,24629402582,2.03099E+12,8773914647,1.76447E+11
128,25277666816,2.06562E+12,7705347502,1.78536E+11
129,25043576807,2.05439E+12,8049449252,1.78791E+11
130,24076271720,2.02458E+12,9575870925,1.88915E+11
131,23807808972,1.99237E+12,10602945835,1.84718E+11
132,24236675595,1.99262E+12,10343846213,1.79907E+11
133,24128742322,2.02179E+12,9720431760,1.8624E+11
134,24092031406,2.02015E+12,9774487186,1.86301E+11
135,25114948242,2.04239E+12,8507382039,1.72685E+11
136,23526395283,1.98043E+12,11364960614,1.9902E+11
137,24227143685,1.99952E+12,10337488499,1.78152E+11
138,25163586022,2.06592E+12,7665819899,1.76191E+11
139,24455226957,2.04962E+12,8957758329,1.89653E+11
140,24144483476,2.0235E+12,9728721686,1.86033E+11
141,23626029710,1.97998E+12,11235661798,1.93185E+11
142,24142765528,2.02362E+12,9727199577,1.86098E+11
143,24236288816,1.99435E+12,10306283078,1.79634E+11
144,23523991341,1.98905E+12,10773862215,1.90227E+11
145,23919463661,2.00244E+12,10054013824,1.82819E+11
146,24600623016,1.99487E+12,9577141053,1.74195E+11
147,24207792665,1.99181E+12,10380456199,1.79528E+11
148,24234884002,1.99457E+12,10285968667,1.79626E+11
149,25212954156,2.07044E+12,7526134613,1.76371E+11
150,24571284206,2.00808E+12,9731274126,1.70043E+11
151,24959312646,2.01598E+12,9128444024,1.73918E+11
152,23697306255,1.97763E+12,11265157005,1.91788E+11
153,25244068531,2.06265E+12,7779844359,1.78233E+11
154,24491699306,2.01859E+12,9191968173,1.75755E+11
155,23934950964,2.01571E+12,9911435957,1.89445E+11
156,24202411539,2.02848E+12,9501468239,1.88453E+11
157,23719153785,1.99253E+12,10599471983,1.87533E+11
158,24421680011,2.00537E+12,9760387803,1.70434E+11
159,23714744043,1.99284E+12,10607216214,1.87794E+11
160,23710371990,1.98197E+12,11111163052,1.93524E+11
161,23566486290,1.98087E+12,11308562719,1.95439E+11
162,25129781655,2.06403E+12,7784773579,1.76832E+11
163,25102596956,2.06401E+12,7831087461,1.75935E+11
164,24072244904,1.98653E+12,10745109504,1.83994E+11
165,24154862404,1.99117E+12,10515170658,1.79234E+11
166,23573449069,1.97349E+12,11525857878,1.94011E+11
167,23680926501,1.9778E+12,11299402443,1.92157E+11
168,25155783442,2.05614E+12,7978345465,1.77826E+11
169,24183635850,1.99441E+12,10336093459,1.79581E+11
170,23584018258,1.97992E+12,11303368490,1.94042E+11
171,23510494207,1.97535E+12,11550735213,1.97787E+11
172,24223900862,1.98876E+12,10253421187,1.81508E+11
173,24828772142,2.03895E+12,8547992089,1.74611E+11
174,25505443405,2.06089E+12,7763653453,1.83522E+11
175,23530622747,1.97611E+12,11444728236,1.96591E+11
176,24998926433,2.05251E+12,8091118736,1.76326E+11
177,24904945550,2.05917E+12,8257837689,1.78891E+11
178,23624392174,1.99227E+12,10609801682,1.88146E+11
179,24658337155,2.05117E+12,8252112257,1.83938E+11
180,24172583918,1.99013E+12,10444582642,1.79539E+11
181,25501061312,2.07071E+12,7723986322,1.74664E+11
182,24367300760,2.05559E+12,9010011851,1.92776E+11
183,24741927280,2.02989E+12,8883271520,1.73384E+11
184,24408960221,2.04844E+12,9052524459,1.95424E+11
185,23691326756,1.98978E+12,10650911818,1.87364E+11
186,25414322961,2.0646E+12,7877246016,1.74023E+11
187,23579936716,1.98064E+12,11247369581,1.98416E+11
188,24873502007,2.04401E+12,8489339248,1.7553E+11
189,24134190154,1.98539E+12,10635248641,1.81627E+11
190,23898259282,2.00423E+12,9989484901,1.83252E+11
191,24121030479,2.01891E+12,9599050320,1.86314E+11
192,23654257105,1.98134E+12,11202641535,1.97552E+11
193,23670193461,1.98349E+12,11137896965,1.92473E+11
194,24394141323,1.9936E+12,9872918505,1.72121E+11
195,24761765158,2.04164E+12,8533289589,1.76586E+11
196,24270645680,1.98731E+12,10406552075,1.84192E+11
197,24203913782,2.02827E+12,9489812171,1.86689E+11
198,23773834104,1.98708E+12,10787781206,1.84835E+11
199,25352392295,2.04784E+12,8061020667,1.788E+11
200,24076718024,2.02629E+12,9706330636,1.87214E+11
201,25473268200,2.05363E+12,7990188068,1.7743E+11
202,23851929124,1.98915E+12,10636814767,1.84059E+11
203,25066512230,2.05717E+12,8127971119,1.75229E+11
204,25198211700,2.06858E+12,7601207139,1.76475E+11
205,24634021169,2.02651E+12,8886087097,1.74573E+11
206,23565537766,1.98903E+12,10792139212,1.89981E+11
207,24997123662,2.02511E+12,8621739244,1.7916E+11
208,25162024513,2.06781E+12,7671217821,1.76716E+11
209,24107455027,2.02235E+12,9712120957,1.86461E+11
210,24267836038,1.99294E+12,10324120772,1.77597E+11
211,24293085631,1.99859E+12,9906994330,1.76485E+11
212,24222634674,1.99167E+12,10355641218,1.77571E+11
213,24885758803,2.02904E+12,8740811621,1.76212E+11
214,23635020050,1.97666E+12,11407388374,1.94514E+11
215,23583870559,1.9755E+12,11477741228,1.96142E+11
216,25109568046,2.06839E+12,7734508457,1.78487E+11
217,24817557414,2.03871E+12,8532329359,1.75125E+11
218,24492926850,2.01908E+12,9235993070,1.72993E+11
219,23677541853,1.99274E+12,10609902159,1.87999E+11
220,24283785977,1.99106E+12,10277127261,1.76693E+11
221,23901068059,1.98779E+12,10552872706,1.83519E+11
222,24303456713,2.03162E+12,9473412767,1.86832E+11
223,24610146400,2.02414E+12,8937948645,1.74219E+11
224,23658830052,1.97904E+12,11197888988,1.92472E+11
225,23557348117,1.98493E+12,11268175568,2.01268E+11
226,24156830836,2.02612E+12,9669854472,1.86248E+11
227,24826105981,2.05617E+12,8418065774,1.79918E+11
228,25504498164,2.06842E+12,7842268959,1.73857E+11
229,24220593282,2.03255E+12,9425475130,1.88878E+11
230,25228978365,2.07366E+12,7470913338,1.76865E+11
231,24867615821,2.0346E+12,8667380766,1.744E+11
232,24190934470,1.98852E+12,10468496702,1.77212E+11
233,24957993060,2.02376E+12,8770374490,1.76506E+11
234,23751607204,1.99172E+12,10578350127,1.87208E+11
235,24918195562,2.04661E+12,8462287621,1.74743E+11
236,25053729537,2.04315E+12,8439124793,1.7365E+11
237,24316118093,2.00634E+12,9617248858,1.74895E+11
238,24150414427,1.99793E+12,10338170023,1.81561E+11
239,23584515781,1.97479E+12,11415309865,1.95479E+11
240,24133489197,1.98368E+12,10649517997,1.81104E+11
241,24442196534,2.0457E+12,9027337477,1.92471E+11
242,24306767292,2.03175E+12,9324301121,1.86069E+11
243,24738874987,2.02536E+12,9109611332,1.72934E+11
244,24417430799,1.98886E+12,10267413829,1.73961E+11
245,23796085176,1.98802E+12,10778871043,1.86741E+11
246,24220601925,1.99209E+12,10390127702,1.77177E+11
247,25199946469,2.06233E+12,7753622539,1.78817E+11
248,24037085349,2.01719E+12,9798389058,1.8505E+11
249,24979493683,2.02797E+12,8666098187,1.7657E+11
250,24750617994,2.02655E+12,9078419102,1.72397E+11
251,24427237932,2.0524E+12,8960758898,1.93591E+11
252,23735266846,1.98336E+12,10844087420,1.84204E+11
253,24534147075,1.99491E+12,9872213285,1.7186E+11
254,24809157374,2.03912E+12,8540725275,1.75581E+11
255,24682708136,2.03437E+12,8744554330,1.76425E+11
256,24902164412,2.0113E+12,9054003552,1.74291E+11
257,24961536190,2.02616E+12,8974261604,1.70874E+11
258,24292365114,2.00994E+12,9668302566,1.78706E+11
259,25021336371,2.03132E+12,8403616451,1.77033E+11
260,24538699958,2.04626E+12,8320761444,1.84553E+11
261,24731913510,2.06188E+12,8022441178,1.84968E+11
262,24257559687,2.03359E+12,9448813145,1.8668E+11
263,25052104273,2.05631E+12,7963783918,1.75367E+11
264,25197800595,2.04659E+12,8374728788,1.72999E+11
265,24690528757,2.02349E+12,8831460726,1.73637E+11
266,24685228619,2.0294E+12,9260948081,1.7111E+11
267,23585201968,1.98245E+12,11268754482,1.95406E+11
268,24192204021,1.99213E+12,10401277429,1.79841E+11
269,24649999994,1.9998E+12,9586039653,1.69354E+11
270,24122703445,2.0195E+12,9743157433,1.85918E+11
271,24243084832,2.04154E+12,9162178473,1.88058E+11
272,24396887164,2.05266E+12,8739171705,1.90618E+11
273,24504134706,2.0486E+12,9018822420,1.89917E+11
274,25190067013,2.04039E+12,8180809893,1.73187E+11
275,24293006310,2.03296E+12,9351803396,1.85942E+11
276,24204480309,1.99627E+12,10284495144,1.79731E+11
277,24351531723,2.03762E+12,9192712546,1.92011E+11
278,25548179539,2.06324E+12,7818827301,1.7819E+11
279,24984226128,2.05919E+12,8081007955,1.7922E+11
280,25119512040,2.05193E+12,8087131654,1.77666E+11
281,23765173486,1.98727E+12,10785107432,1.84781E+11
282,24266916233,2.04032E+12,9551109762,1.85834E+11
283,24761832325,2.06341E+12,7979725733,1.85658E+11
284,24466667090,2.01959E+12,9197529481,1.73821E+11
285,24611205760,1.99699E+12,9757842385,1.70738E+11
286,24616393423,2.01602E+12,9210858033,1.72627E+11
287,24924513964,2.04561E+12,8210944217,1.76085E+11
288,24603049188,2.01583E+12,8654420318,1.79693E+11
289,23517565039,1.98842E+12,10781898338,1.90202E+11
290,23689466844,1.98565E+12,11122930442,1.9498E+11
291,25015391860,2.0564E+12,8275904022,1.74567E+11
292,24580150876,1.99867E+12,9380929452,1.77035E+11
293,24698149398,2.00956E+12,9210767848,1.7772E+11
294,25029729349,2.03884E+12,8674865189,1.73926E+11
295,24650461490,2.02343E+12,8818196493,1.74269E+11
296,25043052405,2.02496E+12,8654607557,1.7683E+11
297,24059330243,1.98014E+12,10789272875,1.80877E+11
298,24284786022,2.0027E+12,9994928362,1.81744E+11
299,25579652820,2.06347E+12,7818161654,1.77511E+11
300,23545606870,1.97283E+12,11438087064,1.97761E+11
301,24076549917,1.99229E+12,10528136262,1.83903E+11
302,25166207307,2.05668E+12,7961344355,1.78038E+11
303,23665464668,1.98127E+12,11179401777,1.92317E+11
304,24969801145,2.0234E+12,8683033841,1.7322E+11
305,24908624260,2.01659E+12,8903130625,1.75991E+11
306,23624368605,1.9869E+12,10778028864,1.88891E+11
307,23701794139,1.97916E+12,11190784782,1.92585E+11
308,24190303464,1.99265E+12,10309374034,1.79232E+11
309,24912465638,2.02098E+12,9052033778,1.72204E+11
310,24266029778,2.01698E+12,9651037280,1.82496E+11
311,24168060981,2.01772E+12,9670230809,1.85511E+11
312,24887598393,2.04092E+12,8643547945,1.7322E+11
313,24235534912,1.99442E+12,10277584123,1.7946E+11
314,24899046248,2.01596E+12,8930759456,1.76022E+11
315,24917064647,2.01465E+12,9050355474,1.74751E+11
316,24168477872,1.99084E+12,10540672806,1.79011E+11
317,24145516830,1.99211E+12,10489524143,1.83879E+11
318,23814209238,1.98783E+12,10720083655,1.836E+11
319,25127393000,2.05278E+12,8071387514,1.77811E+11
320,25218970683,2.04846E+12,8329768634,1.72847E+11
321,25155654205,2.05619E+12,7988036579,1.77883E+11
322,23960602039,1.99165E+12,10550444829,1.85443E+11
323,25141807741,2.05533E+12,7961348920,1.77927E+11
324,23653156168,1.9857E+12,11091687209,1.93907E+11
325,24578970132,2.02518E+12,8933743436,1.76543E+11
326,23519988240,1.99144E+12,10638632624,1.89718E+11
327,24232564783,2.03364E+12,9481036695,1.86624E+11
328,25234356378,2.0612E+12,7766620283,1.78605E+11
329,24249415845,2.03324E+12,9485262308,1.86364E+11
330,23669222059,1.99339E+12,10548811394,1.88929E+11
331,23737323608,1.9838E+12,10859730426,1.84184E+11
332,23603557788,1.9849E+12,11185454544,1.99709E+11
333,25035224661,2.0379E+12,8608150803,1.75492E+11
334,24737415960,2.01246E+12,9280526466,1.76452E+11
335,25278436735,2.0609E+12,7979783822,1.75035E+11
336,24122867301,1.98928E+12,10529670492,1.82286E+11
337,23675130477,1.98097E+12,11176206376,1.94669E+11
338,25111542134,2.0609E+12,7933281133,1.76151E+11
339,25244829575,2.07595E+12,7415201331,1.77021E+11
340,23947199181,2.0169E+12,9864057294,1.89518E+11
341,23741524956,1.99193E+12,10578819151,1.86998E+11
342,25189508819,2.06467E+12,7745832170,1.8045E+11
343,24456406861,2.00235E+12,9913212518,1.70703E+11
344,24428518791,2.04663E+12,9021536457,1.93288E+11
345,24422451642,2.04752E+12,9012063581,1.93845E+11
346,24924242277,2.05427E+12,8255127493,1.77093E+11
347,23657964890,1.98605E+12,11081024288,1.98368E+11
348,24298270599,2.00524E+12,9652637788,1.75783E+11
349,24064565624,2.01128E+12,9862458242,1.83416E+11
350,23476015252,1.98869E+12,10812790745,1.91484E+11
351,24347183450,2.03462E+12,9270652653,1.90685E+11
352,24169795098,1.9895E+12,10479483012,1.76984E+11
353,24733345461,2.01478E+12,9124409172,1.75858E+11
354,24828942144,2.03481E+12,8793167531,1.7381E+11
355,24822904303,2.03666E+12,8788931548,1.73776E+11
356,25528865146,2.07492E+12,7625553384,1.73773E+11
357,24680001102,2.01233E+12,9176145457,1.77614E+11
358,24938094313,2.03821E+12,8578701466,1.76805E+11
359,25362152222,2.05457E+12,7913646199,1.73168E+11
360,24200285006,2.0304E+12,9433641107,1.8707E+11
361,24199706689,2.02979E+12,9464191898,1.8691E+11
362,24886852328,2.01584E+12,8962949136,1.78909E+11
363,24451027183,2.05143E+12,8901832905,1.94491E+11
364,24198008638,1.99747E+12,10304457737,1.81535E+11
365,25046022314,2.05582E+12,8200087933,1.74986E+11
366,25606470098,2.09176E+12,8403109490,1.71936E+11
367,25000645039,2.02246E+12,8802854474,1.79142E+11
368,24600903364,2.01534E+12,9251284754,1.74736E+11
369,24420877619,2.04681E+12,9100051524,1.90795E+11
370,23972076681,2.01841E+12,9792167926,1.89422E+11
371,23603944293,1.98409E+12,11183725189,1.9895E+11
372,25052305423,2.05962E+12,7975210537,1.75248E+11
373,24911198607,2.04486E+12,8334752037,1.74744E+11
374,23811539968,1.9893E+12,10655120014,1.83344E+11
375,24958663436,2.02777E+12,8694391676,1.76574E+11
376,24990982424,2.01552E+12,9178589012,1.73804E+11
377,23575135443,1.9765E+12,11264923220,1.96412E+11
378,25011267993,2.02276E+12,8660239168,1.79508E+11
379,24784340160,2.01939E+12,9343791867,1.70503E+11
380,24732840115,2.03007E+12,8623616553,1.7466E+11
381,23643679449,1.99146E+12,10593994113,1.88713E+11
382,23686388191,1.99204E+12,10623945529,1.88551E+11
383,24174765188,2.01624E+12,9581952682,1.83355E+11
384,23539838200,1.99028E+12,10740159612,1.9029E+11
385,24246724692,2.04895E+12,9048184648,1.8991E+11
386,24230424935,1.99864E+12,10133983629,1.80301E+11
387,24227878774,1.99862E+12,10138194546,1.80368E+11
388,25083516994,2.04267E+12,8517346047,1.73818E+11
389,25026768112,2.05548E+12,8085480279,1.76282E+11
390,25344098204,2.05813E+12,8098537232,1.72038E+11
391,25010001095,2.03876E+12,8476856771,1.7677E+11
392,24259921667,2.01397E+12,9706264968,1.8099E+11
393,23826050671,2.00139E+12,10180658634,1.84355E+11
394,25211121539,2.0593E+12,7879752117,1.78265E+11
395,24878792969,2.01829E+12,9199686398,1.70571E+11
396,23627848667,1.998E+12,10536522606,1.91164E+11
397,24807222233,2.04395E+12,8546916949,1.75729E+11
398,24189204984,1.9938E+12,10365888441,1.81614E+11
399,23706754157,2.00894E+12,10183973098,1.9101E+11
400,25035538983,2.06014E+12,8000864208,1.76842E+11
401,23607700394,1.9888E+12,10687362212,1.88844E+11
402,25188926901,2.06213E+12,7867570035,1.78223E+11
403,23658478320,1.98934E+12,10705464905,1.87735E+11
404,24002706088,2.02249E+12,9680012188,1.90333E+11
405,23925035648,2.0144E+12,9933249931,1.8595E+11
406,25582603618,2.06396E+12,7739613894,1.77797E+11
407,24153378781,1.98634E+12,10568779324,1.80816E+11
408,24565637783,2.01549E+12,9219433432,1.74156E+11
409,24662161614,2.02284E+12,8905278906,1.74235E+11
410,25299226256,2.04734E+12,8129996771,1.77445E+11
411,24402400836,1.99435E+12,9854719581,1.722E+11
412,24987791036,2.02089E+12,8705033352,1.79498E+11
413,24060258371,2.02655E+12,9569563325,1.89783E+11
414,24722707685,2.03091E+12,8781434724,1.74357E+11
415,25192613179,2.03952E+12,8463404356,1.75817E+11
416,23652943661,1.98373E+12,11166758075,1.94557E+11
417,24227717457,2.00101E+12,10229501064,1.78645E+11
418,24341327872,1.99609E+12,9814599564,1.737E+11
419,24000212591,2.00918E+12,9889030976,1.83132E+11
420,23964757204,2.01569E+12,9898950608,1.87833E+11
421,25041960187,2.05557E+12,7995004362,1.75468E+11
422,24783856269,2.00528E+12,9172912071,1.77636E+11
423,25117000302,2.05431E+12,8018507335,1.77743E+11
424,24126547857,2.03462E+12,9470712284,1.87965E+11
425,24508094742,2.02027E+12,9146800109,1.77246E+11
426,23719540993,1.98905E+12,10585014789,1.87267E+11
427,23472117624,1.98626E+12,11002817674,1.91896E+11
428,24605814653,1.99319E+12,9836112936,1.7313E+11
429,24212594495,1.99229E+12,10357580827,1.80476E+11
430,24915914248,2.02196E+12,9100424398,1.70555E+11
431,23716993052,1.98901E+12,10686067301,1.87625E+11
432,24567682136,2.01662E+12,9246025021,1.72472E+11
433,24197388089,2.02945E+12,9519453650,1.88245E+11
434,23622279258,1.97778E+12,11266168381,1.93279E+11
435,24142811956,2.01451E+12,9667117799,1.87526E+11
436,25182092045,2.06883E+12,7568017498,1.76596E+11
437,24627043146,2.00943E+12,9672289589,1.69436E+11
438,24114698154,1.98233E+12,10714008468,1.81354E+11
439,24752105574,2.0277E+12,9062813559,1.72553E+11
440,24239663663,1.99436E+12,10305781447,1.80755E+11
441,24486322471,2.04648E+12,8988159293,1.91556E+11
442,24374234858,2.00148E+12,9163249392,1.79394E+11
443,24236797826,2.02991E+12,9539636840,1.86649E+11
444,24570982833,1.99319E+12,9938004122,1.72073E+11
445,24814700182,2.03465E+12,8598301262,1.76397E+11
446,24644231670,2.02962E+12,8858366648,1.75343E+11
447,24747317506,2.04015E+12,8595931667,1.76388E+11
448,25096471033,2.05983E+12,7876767731,1.7797E+11
449,24861028889,2.01561E+12,9289792385,1.71416E+11
450,24681179897,2.01394E+12,9249718148,1.74394E+11
451,24490587275,2.05214E+12,8922372786,1.85142E+11
452,24744084401,2.06387E+12,7956652953,1.85329E+11
453,24928152941,2.03932E+12,8523289950,1.76931E+11
454,23847954484,1.98921E+12,10611040117,1.83019E+11
455,24580872799,2.00512E+12,9822161531,1.69685E+11
456,24464344291,2.00343E+12,9055570974,1.81032E+11
457,24558330401,2.01713E+12,8998926117,1.73182E+11
458,23792329532,1.98311E+12,10787657238,1.83011E+11
459,23932586719,2.00095E+12,10100320473,1.82471E+11
460,25074189157,2.03197E+12,8564686787,1.73323E+11
461,25575425504,2.07206E+12,7934248149,1.73154E+11
462,24213445447,2.02975E+12,9483347261,1.88169E+11
463,24186967286,1.97812E+12,10836359879,1.84869E+11
464,23901893522,2.01753E+12,9846151978,1.89994E+11
465,24254879581,2.04752E+12,9100761225,1.90801E+11
466,24912208902,2.0207E+12,9107522175,1.71709E+11
467,25228850084,2.03911E+12,8462140622,1.76587E+11
468,24990219734,2.02246E+12,8662951936,1.76805E+11
469,24862881020,2.02443E+12,8988366905,1.72349E+11
470,24021341331,2.00875E+12,9880841433,1.83076E+11
471,23595746928,1.98029E+12,11227965273,1.9766E+11
472,25081407250,2.05588E+12,8113650527,1.74685E+11
473,24144304284,2.02407E+12,9719425413,1.86197E+11
474,24228107180,1.99551E+12,10194072966,1.79755E+11
475,23788899173,1.99002E+12,10686385375,1.84736E+11
476,24216568565,1.99202E+12,10389317923,1.77254E+11
477,25057535906,2.06197E+12,7886938391,1.75852E+11
478,24888087839,2.0419E+12,8469629769,1.75565E+11
479,24182593430,2.03474E+12,9513972116,1.86726E+11
480,24614284708,2.0264E+12,8907254303,1.76863E+11
481,25055599261,2.04758E+12,8178539027,1.77828E+11
482,24175856725,1.98885E+12,10463240757,1.81928E+11
483,23881895276,1.99138E+12,10573573797,1.83739E+11
484,23584629211,1.98322E+12,11177278544,1.9998E+11
485,25419161598,2.06488E+12,7876958726,1.7395E+11
486,24311041061,2.00096E+12,9859916551,1.76707E+11
487,25192218721,2.05826E+12,7923299436,1.77964E+11
488,24352710530,2.04554E+12,9133093550,1.87347E+11
489,24218650817,1.99173E+12,10400485798,1.77114E+11
490,23707682897,1.98429E+12,11031742213,1.9515E+11
491,24652036795,2.04515E+12,8376815835,1.82608E+11
492,23933829349,2.0048E+12,9988421775,1.83593E+11
493,24317716381,1.9937E+12,10046749574,1.81555E+11
494,23795951311,1.99166E+12,10648671474,1.84759E+11
495,24051289151,2.02125E+12,9725679760,1.86158E+11
496,25111166784,2.07123E+12,7738351244,1.78009E+11
497,24887808474,2.04045E+12,8502071957,1.74775E+11
498,24846002831,2.04099E+12,8527962159,1.75265E+11
499,23856827195,1.99208E+12,10551029144,1.84805E+11
500,24662684238,2.05132E+12,8249260752,1.8398E+11
501,24866004514,2.02328E+12,9016712978,1.72229E+11
502,24875213395,2.04212E+12,8278952659,1.75349E+11
503,24775878461,2.02454E+12,9409912167,1.70474E+11
504,23546267147,1.99311E+12,10593758466,1.89342E+11
505,23908760704,1.99165E+12,10538353413,1.84377E+11
506,25202965869,2.06017E+12,7870217576,1.78194E+11
507,25190195365,2.0589E+12,7932586956,1.78128E+11
508,24733624286,2.02599E+12,9482068787,1.70622E+11
509,23645552300,1.99439E+12,10199960877,1.84926E+11
510,24103619564,2.01988E+12,9756276718,1.88429E+11
511,24811774366,2.03922E+12,8557195182,1.74639E+11
512,24821532477,2.04138E+12,8542822421,1.74701E+11
513,24662763550,2.02649E+12,8898623261,1.73829E+11
514,24655285920,2.02642E+12,8931667096,1.73677E+11
515,23639234039,1.99995E+12,10479587299,1.8982E+11
516,25265067961,2.07653E+12,7387331164,1.77272E+11
517,24542712861,1.99487E+12,9802131764,1.73594E+11
518,24319139205,2.00554E+12,9594977821,1.75386E+11
519,24077635042,2.042E+12,9520874038,1.94307E+11
520,24717157592,2.03841E+12,8683874049,1.76551E+11
521,23781384045,1.99184E+12,10452825546,1.85905E+11
522,24423731837,2.04465E+12,9062485424,1.92352E+11
523,24439634489,2.01843E+12,9232196054,1.73559E+11
524,23902411784,2.01687E+12,9922593951,1.90868E+11
525,24236379947,2.01322E+12,9730194868,1.81497E+11
526,24134752296,2.02091E+12,9737616224,1.84854E+11
527,24863079853,2.06245E+12,7944019067,1.8486E+11
528,24239974489,1.99348E+12,10325891197,1.79205E+11
529,24195246186,2.03861E+12,9322492258,1.95998E+11
530,24645253507,2.01592E+12,9553344501,1.70663E+11
531,24129143392,2.04298E+12,9451718473,1.92316E+11
532,23750843540,2.00441E+12,9963021924,1.85717E+11
533,24238683253,1.99474E+12,10025993694,1.76772E+11
534,25034547056,2.06087E+12,7956733109,1.76283E+11
535,23476916425,1.99661E+12,10761907637,1.93741E+11
536,23893052313,1.98659E+12,10620281562,1.81546E+11
537,24113126981,2.01946E+12,9734021373,1.86373E+11
538,23630418917,1.99206E+12,10614685650,1.88082E+11
539,24204812309,1.98812E+12,10423819873,1.82047E+11
540,24207806848,1.98563E+12,10463046132,1.77785E+11
541,24503651081,2.05632E+12,8736132937,1.89363E+11
542,24793422884,2.03836E+12,8627074576,1.74303E+11
543,25024569052,2.05539E+12,8155807936,1.74988E+11
544,25032237018,2.05602E+12,8147119831,1.74921E+11
545,24691197046,2.05239E+12,8100049568,1.82929E+11
546,24653516449,2.00229E+12,9525824259,1.69985E+11
547,25108152116,2.02859E+12,8554853974,1.79382E+11
548,23568726098,1.99172E+12,10609703843,1.89044E+11
549,24783347857,2.04222E+12,8543477846,1.76475E+11
550,24101449752,2.02001E+12,9695354021,1.88106E+11
551,24227283985,2.04197E+12,9141366086,1.88082E+11
552,24295867508,1.99235E+12,10253239765,1.76722E+11
553,24266521000,1.99051E+12,10308403018,1.78257E+11
554,24583881155,2.02167E+12,8993913792,1.73927E+11
555,24885049222,2.03602E+12,8627808540,1.74483E+11
556,24633180623,2.01792E+12,8599385317,1.80058E+11
557,24502043304,2.00382E+12,9039938645,1.81599E+11
558,24658685859,2.0426E+12,8401979074,1.82521E+11
559,24156505313,2.03186E+12,9531880564,1.89564E+11
560,25426545920,2.0665E+12,7862725357,1.73397E+11
561,23468849296,1.97631E+12,11457676485,1.98591E+11
562,23467614439,1.97678E+12,11498920151,2.0067E+11
563,24964639100,2.05059E+12,8222881098,1.75166E+11
564,25313624586,2.06001E+12,8050705516,1.74116E+11
565,24497515149,2.00805E+12,9757434149,1.71488E+11
566,23579590908,1.99226E+12,10567956449,1.88751E+11
567,23517052218,1.99455E+12,10734548095,1.91892E+11
568,24822876938,2.03359E+12,8594680106,1.76212E+11
569,24609669049,2.01591E+12,9062136089,1.73963E+11
570,24571888220,2.01448E+12,8853954535,1.8106E+11
571,24593574851,2.01542E+12,8707985193,1.7992E+11
572,24649084414,2.00568E+12,9520898137,1.67818E+11
573,24622711765,2.01346E+12,8856051058,1.82986E+11
574,25210431549,2.06333E+12,7859509742,1.78264E+11
575,24326855664,2.04861E+12,9060056189,1.88933E+11
576,24826601315,2.06065E+12,8035944516,1.84593E+11
577,24713671785,2.03399E+12,8774901280,1.75526E+11
578,24131329573,1.99591E+12,10395101552,1.81384E+11
579,24102859756,2.02549E+12,9676135268,1.87572E+11
580,23636330212,1.9838E+12,11096766073,1.97413E+11
581,25138060219,2.03155E+12,8445953201,1.76733E+11
582,24166358321,1.9854E+12,10531107502,1.81296E+11
583,23685473376,1.98408E+12,11060220343,1.95391E+11
584,23584712944,1.98166E+12,11236183569,1.98325E+11
585,24518737847,1.99155E+12,9767120344,1.73986E+11
586,23540592752,1.98413E+12,11349595018,2.04516E+11
587,24930956182,2.03782E+12,8899078861,1.70995E+11
588,23907479679,2.03282E+12,9731714837,1.96238E+11
589,25504446137,2.06317E+12,7720907549,1.83206E+11
590,25459984603,2.0682E+12,7767417685,1.74906E+11
591,24664454009,2.03726E+12,8636610392,1.77038E+11
592,25132233149,2.06612E+12,7770336816,1.76086E+11
593,24634779961,2.03045E+12,8861807031,1.75994E+11
594,24120466830,1.98076E+12,10705136569,1.81201E+11
595,24171602087,1.98715E+12,10498872630,1.76837E+11
596,23713859801,1.98886E+12,10690465564,1.8766E+11
597,24499624323,2.00119E+12,9922958967,1.69673E+11
598,23656048006,1.97984E+12,11257503662,1.94369E+11
599,23629497792,1.99778E+12,10542932426,1.90913E+11
600,24640150439,2.02685E+12,8747653519,1.75708E+11
601,24524147658,2.02084E+12,9065120002,1.77414E+11
602,24874063934,2.04957E+12,8364351725,1.76697E+11
603,24440992266,1.98739E+12,9898140139,1.74696E+11
604,25140377579,2.05513E+12,7952373165,1.78052E+11
605,24680325595,2.05305E+12,8198128847,1.84038E+11
606,24593827285,2.04676E+12,8377205722,1.83727E+11
607,24152266114,1.99252E+12,10546887711,1.81815E+11
608,24747624172,2.00391E+12,9194081275,1.71509E+11
609,24364902319,1.99785E+12,9767422274,1.71707E+11
610,24182788183,2.01799E+12,9574642934,1.88075E+11
611,24954798668,2.02549E+12,8692218284,1.78949E+11
612,24815898007,2.00874E+12,9173938264,1.74845E+11
613,25531005739,2.07341E+12,7623538165,1.75504E+11
614,24104792784,2.01868E+12,9746172477,1.8637E+11
615,25610976080,2.0837E+12,7584258626,1.73987E+11
616,23835240755,1.98792E+12,10722881517,1.83045E+11
617,24486840013,2.05292E+12,9051045799,1.8816E+11
618,24159618467,2.01999E+12,9554942070,1.83498E+11
619,24390339739,2.04476E+12,9054910890,1.93627E+11
620,24506951296,1.99271E+12,9456962508,1.74861E+11
621,24295178183,2.04133E+12,9256299904,1.9349E+11
622,24184893806,1.98993E+12,10398189656,1.80638E+11
623,23803277629,2.00177E+12,10200175042,1.84765E+11
624,24219848210,2.03389E+12,9298048050,1.86182E+11
625,24863716314,2.0098E+12,9079697420,1.76412E+11
626,24055710480,2.02021E+12,9783299838,1.86583E+11
627,23825158018,1.98119E+12,10752866933,1.81186E+11
628,24750416063,2.03081E+12,8853399477,1.71816E+11
629,25513477884,2.07536E+12,7776502226,1.73568E+11
630,25246478969,2.07482E+12,7443451271,1.76956E+11
631,24913409289,2.03766E+12,8768716371,1.73676E+11
632,25041393179,2.02744E+12,8594220725,1.7714E+11
633,24298916943,2.03494E+12,9257607918,1.85297E+11
634,25200271918,2.07528E+12,7511596682,1.794E+11
635,24393729732,2.05941E+12,9063092865,1.88601E+11
636,24529788586,2.00497E+12,9811299440,1.69772E+11
637,25091980901,2.03312E+12,8495919487,1.74181E+11
638,24324233047,2.00428E+12,9726234254,1.77157E+11
639,25456580603,2.05886E+12,7596959238,1.83989E+11
640,24353862791,1.99697E+12,9552396089,1.7227E+11
641,23966597749,2.01039E+12,9858481933,1.84272E+11
642,25210828239,2.05204E+12,8117331635,1.77448E+11
643,24771527073,2.02651E+12,8874002224,1.73339E+11
644,24479363129,1.99225E+12,9545744698,1.76819E+11
645,24949647226,2.05293E+12,8454967124,1.74379E+11
646,24021688882,2.0051E+12,9898571268,1.84651E+11
647,23968758918,2.01164E+12,9801237114,1.8407E+11
648,25202791184,2.05811E+12,7809322621,1.78492E+11
649,25025084604,2.05738E+12,8044925268,1.74924E+11
650,24703296831,2.0236E+12,9104189590,1.72963E+11
651,24922340037,2.06424E+12,8220748670,1.80432E+11
652,25162251517,2.05687E+12,7909657289,1.78212E+11
653,25038855546,2.05941E+12,8186876828,1.74057E+11
654,25012793388,2.04974E+12,8127394458,1.79356E+11
655,24383831496,2.00007E+12,9289318378,1.72447E+11
656,24425863134,2.06018E+12,8846728159,1.8876E+11
657,24642555919,2.016E+12,9625139866,1.70748E+11
658,23770587674,1.98563E+12,10824371398,1.86488E+11
659,24817980467,2.02902E+12,8683919361,1.76957E+11
660,25288520610,2.07189E+12,8062057642,1.74445E+11
661,24515727561,2.01459E+12,8820412181,1.79586E+11
662,25316220027,2.05037E+12,7992226841,1.72933E+11
663,24470015826,2.01274E+12,9371464284,1.71115E+11
664,23753571259,1.99239E+12,10215263030,1.82195E+11
665,24846317208,2.01583E+12,9067830511,1.76389E+11
666,23631729437,1.99613E+12,10503653547,1.88295E+11
667,24328866957,1.99937E+12,9636126426,1.71967E+11
668,23898452951,2.00561E+12,10020795207,1.82905E+11
669,25139148486,2.06785E+12,7763721473,1.77575E+11
670,24376930211,2.06865E+12,8935418022,1.93955E+11
671,24795036093,2.00408E+12,9134649515,1.75136E+11
672,23657414688,1.98068E+12,11196510339,1.9228E+11
673,24798966617,2.04255E+12,8473842213,1.76715E+11
674,24341875003,1.99546E+12,9435540261,1.72376E+11
675,25180473145,2.03976E+12,8349369348,1.74217E+11
676,24414701037,2.00598E+12,9741405586,1.71597E+11
677,25473517518,2.06172E+12,7879468892,1.7674E+11
678,24045376202,2.02742E+12,9760527425,1.89493E+11
679,23983575296,2.02036E+12,9752806971,1.90148E+11
680,25014176431,2.03072E+12,8869499291,1.71135E+11
681,25025978418,2.05066E+12,8449904204,1.73089E+11
682,24782039743,2.01666E+12,8838213468,1.72359E+11
683,23697162614,1.97762E+12,11265348667,1.91787E+11
684,25284460960,2.08657E+12,7893940233,1.75129E+11
685,25103284834,2.03147E+12,8554445814,1.71618E+11
686,25378602518,2.04722E+12,8157375586,1.771E+11
687,25140124053,2.06566E+12,7700845419,1.76638E+11
688,23656482805,1.98457E+12,11208998223,1.93871E+11
689,24651550486,2.01637E+12,8826016010,1.76829E+11
