,0,1,2,3,4,5,6,7,8,9,10,11,12,13,14,15,16,17,18,19,20,21,22,23,24,25,26,27,28,29,30,31,32,33,34,35,36,37,38,39,40,41,42,43,44,45,46,47,48,49,50,51,52,53,54,55,56,57,58,59
0,1775742.1787273297,24141.39182571424,510183.6424892584,308010.97432163183,6980.012342638114,522529.7517797526,231235.55274071015,1078396.5548388206,443920.3592254183,278756.7108965284,831467.6572805949,119841.01337526612,4311.458616239724,5654.377616423522,45845.32579377331,2371693.523339554,63470.73993363758,121304.51136694176,27798.402744763094,15331.196316205074,1418871.736043407,9756.443740287466,126953.37371331672,83202.79411219902,15751.168672255506,15098.005394118443,7364.286940247831,30158.766991902496,0.0,20963.87821756205,181.61083613624655,40439.90715216065,861.3211661014776,7042.274204544542,1283.3234975280373,0.0,367548.28160172194,995561.2402570972,0.0,2063.124935356965,19463.418770661985,917975.4874749866,218766.1402042817,549074.8288346919,86221.4305783267,214160.57301122328,216212.024177222,763.7209101335939,15182.84447493101,96275.73444445114,599396.5466102492,36658.4508253074,199183.49013710377,24025.678849210923,119335.13929093088,33648.05518679386,2683.701423821916,18360.787085792428,2457.5290816159345,149367.8292983336
1,1759699.4635628916,22022.67405813067,518141.89952503407,282083.44226661976,18896.624435942667,513687.77658902487,207179.18069602663,1099710.9683340164,488605.2051669269,238736.74368001192,833044.5444250656,365547.7389424093,22484.851906571494,69.92263796930968,91610.78707175778,3053222.325746353,34573.010295910724,123273.8610922351,23983.769573831378,56371.633982682,1550509.5406954896,12254.024014176804,247678.5907919198,67289.0903705855,12301.223323823657,16293.279860283315,0.0,4947.75500823958,1569.3739533542555,19671.16829770328,1508.8432481246432,35250.58920468415,602.006293910834,1125.3454289355625,0.0,12668.298970852737,374876.53566394496,1008515.9500691866,1147855.4125266394,0.0,3129.712880919113,933660.130458371,209682.00027329172,599593.2727257622,83978.17156516701,208546.2102318918,251203.9659476044,603.6015792503525,16946.204371666186,92571.0938351722,615447.6870346328,24607.126072508545,41961.69353015734,0.0,140675.10891141152,38233.23123096369,3759.224931960392,6933.939622340439,1720.39965095266,143535.94010770312
2,1784704.495302776,23360.62072718254,511623.9858722685,303308.4325853878,5881.612683611542,516446.13815821655,231579.99786269423,1075451.5694195256,439884.49452981714,285506.3312534291,833939.4689424599,110772.7451760094,5020.828401929135,4736.133636854762,44191.75223354346,2360770.2613591845,62237.43843294092,122262.72392247044,27167.758369120405,10861.474450144218,1413735.2869555647,11735.550446128304,111829.03856288154,84002.46253269643,15167.980735064608,15418.84182751884,7118.008213942154,31059.268953868635,0.0,21227.69455963897,0.0,40231.64358680283,883.2648067089887,6997.311333799156,1237.5646043989066,130.8853693964992,369497.0933803166,990120.3473578348,0.0,3999.8737208034822,18490.408448906812,907547.6121827686,219643.1020635264,557715.7876587589,84692.53382353284,217189.19508691187,211667.80351064075,684.5007155124393,15144.894224433843,92402.83448155236,604647.8979193318,38161.03120837308,205376.48170334336,24244.48768118989,116627.39050033748,33575.881788008075,3611.72098781613,17923.702306344305,2330.3762558839903,146149.61204087402
3,1798608.154541888,30494.02349849287,512046.7470850165,326559.6458490731,3841.528124570424,539916.4186917918,238552.6377362524,1094149.8346167367,447681.673193569,284562.14761876507,838186.2054547238,115998.03169565728,0.0,7073.671486394466,42353.29689966215,2368210.616388801,60589.42249858083,120582.14305900144,29357.139417246257,13146.190652161293,1460591.4847767327,3134.194853464222,258836.4744268284,79466.76572878635,19620.93394470012,16323.070592038872,9490.34812349428,38964.55964001657,136.9920358383169,20953.130905359485,885.6238281838531,35907.6276199492,840.6042652181984,8920.164759897772,1440.1354370484648,59.976989164083385,366215.38627947343,993525.3021489254,0.0,3521.484710227383,27866.94425719526,946546.3312848936,215774.4111685589,539683.1204630521,82449.3482078593,144528.60040868173,235149.7298563862,966.9797206991124,11081.438955704452,98746.39348048248,602392.3574759888,24820.622561675194,176941.94131360372,34988.44769577555,115869.27205341402,31701.047748594803,1074.307308480393,22741.096290504775,2743.9795301218164,150183.45589413316
4,1799661.038629317,24855.756121183476,515347.9106358035,282851.8847144292,0.0,520186.6797282667,223120.7696402112,1081130.048085031,469773.9987034651,284335.9116232477,838586.8157802715,237303.9181321698,5383.132922085194,3383.1890331089826,67957.92951618614,2531640.5858294726,40356.63987622468,121224.86460939642,29990.419521327218,10691.43717490695,1475068.0596984178,10201.410042929669,245259.29390627216,71939.38786268157,22472.519219902053,12936.591288286523,7320.540565831624,25940.971915985432,0.0,18246.54915877966,731.2801224318566,36035.51270845106,835.9191626276995,5975.1224008031295,1285.1539296189442,1651.1612548863484,361925.30777950905,999785.4756825628,199862.3257720525,3162.4835236825948,22877.04394103845,943248.1187407736,219671.6787908815,562812.728426634,74390.6546146424,196692.26721563973,222958.64156070628,1083.043470046954,16045.992962279905,96574.01091260307,600902.8540832782,30913.772824846317,152692.7499895235,23764.47647254149,117454.00931434977,33173.740299054974,2550.6377771053585,20137.97207951512,3201.004479617948,153882.44686712406
5,1781387.1619041094,24205.930965148586,509323.8501944095,302543.9489530444,6565.517745187376,518109.7291304734,231182.0090640953,1084723.3560393776,451399.4031459766,281223.11570186616,831436.0847983356,143005.45092846622,6207.426944177166,4815.3503882214445,50279.90597838348,2439602.7208181093,67397.81165830672,122486.19625862032,27415.42279194517,15003.255728525288,1427869.8139303646,9705.748455668028,132575.33625921776,81869.40951796011,15313.180652330497,14247.931525128552,6644.598339193795,29272.23833395924,0.0,20748.98269128203,0.0,40630.80416231165,820.1542831160075,6404.429929504719,1236.649641752161,0.0,365689.7536489873,1001790.1404918892,23885.60235367664,1966.6736511181612,17810.970135676398,930841.9645481928,218190.26930164272,551759.3509838225,82343.7238883979,208952.90563966747,219130.9658451117,675.8853922587188,15022.705835154757,95515.8062458304,600562.7777400857,35447.2116049954,198174.03043721252,22453.037109615536,117283.74024409532,33846.08489275193,2791.958115403474,16763.919650717555,2371.742533963709,149629.03093768423
6,1792305.5484450303,23512.26007486043,529420.8182988497,271734.12051406235,12648.394202873837,517923.7709314894,213376.2619648561,1082298.619447478,481851.5177967048,260250.21081189785,839961.4558130275,374537.74598461576,16465.27660171387,144.40927003072738,91627.6594836356,2869841.850510722,23183.747087653763,122250.84279125308,25871.317321102164,38207.45612406662,1550808.0583554322,11397.081114856914,282716.9418448082,64740.67110843743,10938.560377235726,12950.801529943952,173.9010865812633,14102.887497004533,1094.7215599599754,19391.477101031247,524.624411012868,35828.28534373171,508.6020058526121,2726.1709784269237,32.948910754856016,13864.550518585009,369626.042999512,1000738.8687659564,1050624.511866426,229.17880605848376,4908.6769229342535,946506.2580752831,212288.55050733636,594417.7637319297,85950.90368810743,187546.67190377385,235103.8778218548,337.3662138720274,13248.491714568736,94771.6755627065,613225.2624873602,23741.87564523736,73642.34785095783,2220.162706833948,128913.3471927122,36458.85688752732,2707.8110518591607,8986.09870655209,2279.0501896008486,148772.61409204963
7,1796063.9671520928,28697.95089919805,515468.0126071376,269665.3822695755,326.5889084661237,529037.5971443035,232939.89423618375,1081362.4160863317,461465.67930055154,281244.3979101609,858250.248029249,252493.968175824,4258.464371565616,3669.671581244113,68227.9042740152,2594612.9466546085,27982.869778132805,119827.37442558949,28358.502339748917,18591.838245359315,1496880.6118058614,8690.831365458569,239546.17688753037,73062.83328254182,19753.440261030177,15955.249157704173,7277.766976713757,26955.16041405603,316.208329157381,20017.37805660993,2185.151663880606,40548.39168392041,735.0996362638831,5287.759153916183,1110.0582429821775,2571.171609333931,361355.4120550904,1003184.2845810796,380849.56503761496,2558.349236301512,22476.7776966868,944301.8706487285,211059.7211218289,577642.6378907994,84021.96768514597,185590.7026199152,221585.49162365563,550.8736249555474,12778.514298087486,94022.6528179719,607609.3232564124,28578.254761759355,123942.69556212064,22860.05543012487,120754.12324378814,33498.195554179656,3459.456333055061,15982.646236430146,2727.6470257788237,149203.0257275358
8,1790373.155481116,25684.466549721517,516863.04646532255,273604.33148607623,10180.189040736272,522176.6912062233,219799.5519729096,1091028.032742973,475191.4895297585,267556.4988846911,840016.7749761281,316989.564335789,13739.438757833535,1529.090031677885,80191.372283044,2760958.333331268,25069.41721932166,122806.867449657,26757.132967142014,33536.4613389158,1513909.4883147683,10352.57128705601,272447.1492343286,68904.06337580933,14052.46511949477,15245.3241604109,2123.5730413989795,18306.1851299051,628.0088473169297,19773.455864309668,1965.5796596398343,33548.5946968015,565.9610951448711,3577.8511672421773,298.96762932705394,9326.549250701784,369914.21405012807,1000277.5591880832,757186.4275225677,615.6405795736989,11084.336730185149,938491.1173381754,210669.50280456516,583120.3600457665,85985.05631096842,187510.74562551948,238649.6726925811,526.1159812965152,13450.014547866693,94205.80350034044,615111.9628858148,25923.23340416664,99754.7960227174,8196.323583599704,128041.15568955315,35117.92615200015,3111.660149026708,11267.070601496394,2429.0768812405245,147254.90251439108
9,1785278.146694951,29616.010858338108,506580.2460601535,319526.48999562184,4771.996597827699,538601.2011557809,235797.146702478,1099752.6789103723,455521.3828360376,280438.5107077006,843508.6959874815,155939.21837633188,3750.873634339565,5681.95909876283,48563.54157181181,2449058.87130188,52610.47164117215,121710.50969765244,28908.938586588585,15952.22400113468,1465182.686817936,3804.637141993896,264681.29689769965,76902.93000822334,18147.01481695504,16222.603238160074,8420.630128086756,36551.887565806,337.6174907427963,20482.20854134583,1102.5854682774325,37010.90600118439,829.986670998339,7778.981748380416,1315.6639003990558,1827.1281960440497,367170.2530996043,998412.0555324624,125769.1426097342,2830.1432340006736,24385.20471462136,946561.1361607716,213513.60672334992,545444.7169354196,83356.02254941218,147286.98065237122,241524.21693793376,791.4853829782293,11314.644971127474,97832.83157332016,604769.3696578296,23745.335707300997,165570.95639217985,30335.74518255962,115682.44322135534,32116.154777596315,1368.7091476147182,20981.51974163157,2615.5995841507247,149205.33458685322
10,1792234.6375484327,27847.382154556544,511712.6898284556,267206.65902776987,9825.13354862095,535087.660205697,224336.23742104016,1100289.7883251004,475571.3024344071,269143.41063943686,841482.1967954728,299427.67652605736,12226.641483701813,2088.4247375935006,76802.88003010908,2710694.162253232,28781.71923769643,121530.70713544532,26786.387791192985,31945.55265428336,1533604.6047603032,9727.580087275515,292543.3600824695,70102.5673770607,14996.143980785331,15048.65052755828,2913.304468051595,20996.070635811157,758.8026458104194,20358.165204527773,3180.297519044863,36102.428181266485,577.080500350896,3933.356024539075,206.1727412443924,6876.122563532186,371040.0258846488,999231.115395516,640131.9498018959,1131.251991075212,13781.370992595004,935732.1437481716,208703.07385721325,580866.1014201138,84753.14242506896,184917.85394322604,237401.1975399536,1310.296914696044,13084.042871246911,94186.29211900495,609459.4482431212,27572.516976560517,107552.64914469692,11001.14398631988,127289.91539557748,35162.73769665963,2551.230881937502,10664.808089941738,2737.131710990167,147667.2601147934
11,1800196.029709273,26060.949678982768,531689.1915205969,290556.6462035418,1160.7782080818542,527201.2059619353,224300.36016107947,1090709.6934388543,467253.3865011343,286072.9060951808,839468.0557245227,216350.24943473795,3442.7275924674213,3793.588357376961,65063.51855380971,2486775.736210936,33482.46133325353,121408.845073623,30123.88154732693,7792.8592776777,1465992.920146763,12074.712645071182,238717.74734500144,72084.78995186256,21673.598770166845,12417.032799179817,7694.115519442743,29254.988002992388,47.17583740928831,18621.659018287774,365.1190112747559,37259.17830475299,817.9710158008088,6650.748260239412,1297.5960623327842,1370.55580524558,362093.3733891829,993256.0949935388,138942.70909374196,3309.8408460497712,24056.89951869526,943556.6089311684,218228.50950888544,559841.5472034789,75955.14864317518,186803.2369796761,218661.25095113373,852.4983574854261,14956.169765103756,97454.30284427194,601659.3310780871,30043.034360317317,161304.93021468053,26163.98208014547,116042.31097279304,32633.82145354915,1864.5043011404075,20074.28875683442,3471.414492248173,152350.95567829165
12,1789773.210874379,29142.87164962201,517747.3299990791,264998.7293739803,9566.890845257432,532936.6692726185,228185.15744479588,1092303.3494581738,472608.0502809544,268807.7318470543,851205.028244613,320248.5631424546,11232.1294742299,2137.1988564572057,77950.50964623645,2724732.3001582623,6008.928758427027,121515.52220626666,26282.873008717277,34196.6223009486,1521884.2418985106,8177.383640657394,274410.96499751834,69169.98844659749,14060.254037106712,14649.227241076953,3491.3193931295364,21375.20726201041,720.6159849539368,20794.42263384645,3150.343435315426,39368.41163137275,577.2302020579291,3480.2047711303826,338.8143873875993,8622.561782786739,369613.0126506665,999566.45905613,726853.3573785786,995.968663267396,13134.113985623737,946056.6645394628,210691.97533810145,583010.514129018,86292.09425053131,167923.92178148526,238100.6869583898,1055.6982543571055,11335.197165771307,94175.75434852338,614176.7939625815,23698.315674743702,100158.58888554062,10607.544549794182,126859.31105204356,35130.8690656341,2539.693143826505,10218.43569445695,2229.6750049393218,147757.74562229667
13,1794600.4868498654,30272.531521675566,510792.0087824106,322969.12884713087,3525.515182151068,540217.4324001112,236860.1398943726,1095728.377017307,451487.0575777801,280210.56824741454,839084.637049899,145350.7894813652,1989.657798248333,6425.627853794548,47903.75531500379,2428275.0585577264,51287.7198790631,120760.24582696056,29142.818190433336,15254.84098222734,1469613.1563684049,3172.9237989220783,261482.3239371284,77259.18817794428,20154.391502773004,15906.522337444796,8704.465298535917,36884.24629179755,281.5089311929908,20497.31603173854,1233.7892239638363,36251.92180761636,907.3984993712508,8357.54328983631,1350.8246944732325,721.648039168382,366378.8076658773,991805.9741908596,82351.50080464409,3316.806439007741,26313.000335559605,949384.6122769148,216381.7650041376,547093.411716306,80272.68916634077,147519.4808149693,238651.4623628582,1271.3033987562171,11567.977985754816,97716.22280835448,603546.8729983796,24566.259430430964,165052.9620992105,32967.34917801551,116447.51573204256,31925.07129383725,1215.7527394478495,22651.78606118032,2881.090342289223,148980.2766574153
14,1802806.8747208505,29709.262376948736,517409.2795179317,311358.22919955663,5896.439287940807,503596.8473896132,211902.43280853203,1072401.975623998,465594.170232644,257528.5633852465,836884.4713620994,286653.3119933805,10065.745790083069,3083.926921134096,74979.63861606101,2595277.1275268905,36559.07471584107,126079.3273743796,27073.506818241152,38399.45837983725,1482161.7965637243,14785.06880936623,178198.98382418865,72585.34861001733,16702.3653598712,14270.367317568647,283.3400065235497,18570.819088298187,1003.4958059486466,20641.000946607342,2107.82324274513,39651.61667995677,448.43716494474114,4369.362893808054,4.480249292153456,5947.128379736914,357323.06230567687,980254.0379087516,649539.1797084701,1094.2531958402624,16827.73574509977,936859.279453266,224453.963564351,572247.3262244824,78766.75493869609,207960.3497627065,225883.3324330292,33.514898437017344,14728.94752561784,97174.61948825496,629141.8673287373,30058.49972364685,88640.11582163486,7504.446321917233,134572.935606705,35483.965003570906,2385.5054726549,13215.157634967789,1750.2899549696194,148327.7030123997
15,1758016.9109293213,29908.334064229228,517252.7920672658,224679.2658693436,8705.298135132676,532462.9756903406,222485.25397317228,1074034.2397618743,474553.4101875762,257894.12419006755,851965.5387749413,317896.4877672012,17093.409213453757,3837.202420702134,79073.214005899,2912275.419024753,74944.02063029926,120522.53199879982,24571.745233438072,51739.03512275106,1582676.4280111615,7813.110996333118,249306.80959998452,75249.70888472177,14171.886244122212,18724.13804839952,1200.0979259261185,16051.041396278277,2072.8669879840068,23626.954542587457,5695.589913430683,32344.55566318544,165.954947480733,1502.9628636690431,15.079998590114256,6649.535939936883,375408.3106147285,998991.2464021924,842646.2335000247,53.31432769128908,14685.64609101422,914903.1474911256,207190.7167845188,578466.5965194196,75137.03122953167,192218.84456668745,228908.91592377576,1745.124224569804,9338.08779876269,98350.8049911427,621533.7793462856,28742.165351705644,57897.97425966245,3187.975938648736,136689.96861946202,37365.77268547074,1697.185956298844,4973.623763401618,1847.6120392425837,151286.2825314411
16,1776810.0999544924,27255.263115544258,526404.0626765819,235117.6218352163,11705.10371545492,533025.5686450826,217626.1906466037,1072741.541325822,481087.4587894178,253896.6257663849,830964.7699747274,337142.4418568554,16835.251754410358,3710.669801475074,81896.59507826956,2960953.521257231,65201.91588520692,119271.48353383147,23999.38714703869,51083.70259320497,1591164.597207749,7341.98913347017,258038.3923605708,70883.02705101299,14884.566984356594,17861.63904039962,942.0705979570554,14219.612834358515,2229.250224691233,22559.16833180344,4445.039124899445,27111.76410036092,223.1532424965832,2179.208719841718,0.6383316762356586,7999.899550693858,373033.76047511294,998434.0369651356,927994.9463554572,0.0,11580.90592810304,919725.2170741046,210746.55492296792,581374.2875993752,79992.70348425453,187674.07678991728,233509.5408369504,1706.856539804835,10456.406686109,96364.82460997596,618676.3414176747,26878.853955948587,54226.64193420164,3577.176941012756,137753.2729406671,37485.52756439083,2018.9937915982416,6173.36915348984,2399.506769598265,153097.85611302793
17,1748350.624697195,29760.350363145142,518815.0701991775,262318.8652039349,16913.271825209682,518290.28127828526,213113.38246700616,1078265.850021222,482617.5461641394,238395.57510514677,852078.375222083,382041.4412433474,15652.841551205458,524.3564443902857,91704.98887802802,2991699.333346032,19403.75764446941,122362.88814896456,23371.321859071188,64907.2073313089,1577105.3752558422,14463.465290624114,251162.5992106178,69189.48448576746,11676.703664379746,15849.033173871065,0.0,4472.767126699397,1973.738548664264,22739.10648140931,4269.0647766529455,50158.93906587222,362.2419466914864,246.95724696752427,0.0,11297.856578608194,372489.01559609786,1004254.3945310044,1255669.2415782353,0.0,9268.915825926277,936442.4782939364,206781.0793336001,610039.4494343331,83302.19501855096,201737.3042326594,226197.038044403,600.8735853202944,12606.241480694947,93802.66815210372,626976.1300501665,23172.721726921365,6492.843111559222,0.0,145974.1944444285,38568.82963004959,3359.0179741557504,1382.420090947819,1148.5806958330454,145239.30413892574
18,1786135.177594971,31820.459099489177,509842.9396090647,274355.3784983122,5849.507383121454,532950.6899495722,231263.06211864305,1096518.0869432143,460004.0118016096,277078.1191636914,846329.8413220611,249807.32901459647,8089.2384211166545,3561.875780994321,65297.31542998071,2543169.544130978,33357.311260860144,121336.70514554204,26682.701284552764,29236.256925679907,1470152.8883754555,7659.025293510583,236046.2265713944,74799.77979049031,13871.174641219211,14587.124188834709,3280.7688884760696,29385.759238909493,624.2090347822719,21955.993014092142,2799.755400251251,41102.66349039931,569.4262228684329,5226.62486782671,381.0530950197381,5102.699011776771,367725.78557345713,1001814.3417389992,492994.4347639528,989.8100273178972,17060.876426434217,949076.547052654,209804.1784321879,563836.0127886056,85039.65370257228,176385.77799857946,232075.7918234143,225.99012218483503,10306.840718093055,95099.70269649138,613288.679891026,27361.443060811285,130044.65334188244,16268.032119925563,123447.26686638776,33927.083326925385,2240.438633792594,12292.87712822694,2295.689906102211,147963.0793454185
19,1811280.145836384,25452.91135688072,533720.2605838336,220809.83613583588,20361.086751439238,529127.6525989423,204139.32978908316,1077213.409183171,481334.1018721843,242201.2861160239,841348.0744601612,375688.07634128025,23960.835547395855,6816.32397667011,80983.93089560432,3562102.418321343,56470.366857882014,117878.42089469152,14138.696704653335,86487.51536284699,1665316.1194076694,506.93072531286055,36561.69128354789,74510.92290373678,11980.393150782967,16364.819222756529,0.0,2873.305465490213,4052.756185509597,26004.385343363567,1361.962208367545,27824.9556143644,0.0,0.0,0.0,13136.502332487638,377065.475905488,987827.1422052482,1281261.9015428317,48.11811799986495,3123.0595525830936,935058.206327292,209562.610187723,615104.5320611517,85549.7456163527,184458.40339283604,247388.3269272128,0.0,8003.981631041905,85769.58672941195,631539.8819158844,17950.33078670283,379.7601880707924,0.0,151487.3155339673,42217.04668492734,6768.036107849541,0.0,0.0,134506.74933929244
20,1745109.8793445972,23596.486298685417,571609.0199536795,234287.63540498883,19698.28144742067,527217.6264044847,203226.9439120747,1077831.6828318727,478902.9841937976,229927.3631338524,852869.2140223894,372432.0452519998,23892.916295041083,3801.129651670685,86646.58812056885,3365488.197377327,77275.48158394427,119313.49576237988,18646.23452842823,76200.7787536167,1640456.948473164,6767.073846443235,119272.77244245158,70589.95598875232,10641.37943358602,17825.232235908745,0.0,3508.741057127438,3522.972776559384,24371.56646084846,1409.7068398018678,33495.1908444141,93.41719099775068,0.0,0.0,13117.347962431446,372661.3169574332,982719.7271271504,1296219.3413226143,0.0,3424.559709536896,923839.0075984476,205975.0684868771,601285.3468901147,84377.88939691712,202640.8095723745,235041.82396510465,499.9230840278363,10889.160871416314,93556.50480727962,622476.6167085338,21924.798116606533,0.0,0.0,148685.34655788317,40789.6757299611,2610.9574421691987,0.0,1123.1652979971043,143100.79687953132
21,1746968.7161290222,23806.5428212438,522302.2780051704,213983.4119169268,18911.921526367405,522871.9060316483,201362.26360595197,1069343.1985175472,483894.2357423668,248185.1921913079,840279.8822644502,382118.8736599266,24508.79804832078,7067.690792020123,81027.0958586333,3625952.22918085,58969.359375093794,118397.4921675183,12949.336643599594,85811.88640555236,1674929.8679240765,144.56884230521297,11924.190002778756,69039.3951951686,10829.007791571625,11049.979515114692,0.0,3330.9205321805825,4116.247510901144,25905.94645848524,0.0,28460.736204272216,67.13219714383237,0.0,0.0,14513.02343525116,363645.8328262081,987314.4705563032,1317559.4248765176,0.0,505.1533496878127,952421.0716500642,207844.1166159475,624123.9274287268,88103.78613149133,185414.0592971714,251075.9149337833,0.0,7837.504527260854,82997.71775593137,635968.5698958487,16211.245708494693,6212.210754213219,931.4504749363548,146042.36573621753,32839.38604069853,7365.549091289676,0.0,0.0,132266.48807120524
22,1781259.0449681096,30827.33370833488,525287.8967560636,235994.57967041712,15012.240594931653,544747.4820211934,231260.251406624,1095751.5017483153,480866.7533597854,265985.1797502119,852617.7527092624,363931.7446133045,14360.019408994503,1766.952502780245,87639.50677811072,2924345.6337071843,18197.424397623523,119017.99665892751,24601.83136378902,47729.11975729833,1610909.068922857,6644.639534144689,371256.4620006228,72492.91519958297,10851.9483397714,15285.776350139202,1406.7961805776113,16812.553385447634,1458.8449869534218,22948.0388242964,4877.628519391171,32246.33158505697,240.1743320156953,2291.770949786384,0.0,11694.709069721614,377061.4651912223,1004020.507598382,1068337.5546389385,0.0,9404.44015421015,937516.8203096724,202715.8429134412,597123.3682721402,86116.39350105527,153808.93775518096,235195.3696773173,1863.831815858872,8054.685215301442,93129.50275471466,622685.1582629739,20776.082711622697,52281.046859276576,5367.103855118061,132633.58918500718,36810.86530562452,2630.935736712356,2550.400811808161,2237.5490886029097,147726.03226598876
23,1730010.711657284,23820.95931206697,528277.5195010026,259570.6226254993,19991.67604556326,515131.6636041916,204688.65553220024,1072574.6886800083,480339.3120433414,226544.67779004129,861072.2250852643,339291.8802269921,20556.45009932726,2681.825888161756,82481.70561217103,3243339.3119543004,90522.41195628852,120677.46800142492,20143.52313955964,76877.62887639401,1616001.2715949288,12941.34481971732,128658.13445480164,76766.52287617837,11995.929774147146,16751.676927727643,275.7955565826943,890.8834651723577,3163.9291085541595,23810.52117219028,1442.6935017581593,47468.11223125643,195.061709891852,0.0,45.72278727263161,9656.019066206956,369153.7761097272,1005386.480106796,1197238.9089517775,638.312727067389,7164.260772288239,922300.972627062,208494.6836940522,589545.1625778605,82930.58397958177,228415.53190493825,227543.84329599756,167.5385010130929,15003.27944058002,93594.63289556696,618497.0779633909,24740.969659235197,1488.1155666871778,457.3645783032814,152659.3363148249,41355.79999957574,3823.622172150001,23.37216786026848,179.13984760273013,143516.7147014644
24,1794297.4491096733,27767.10622161692,504165.0071764073,266333.64399513527,10965.4082243952,532432.0969609495,222559.6047587501,1110330.3970399145,476645.1530964078,277038.1149088029,841108.1595175859,299641.7817135587,12334.537952659724,1432.5393527463252,76876.19231602893,2671196.1175103867,26532.423881186955,123644.5819953908,27102.257693577278,28608.193462286094,1522819.4897883898,11640.56610394562,302125.3081695498,69982.68564720411,12705.981295168836,14014.327387254383,1965.0588339527196,22126.92625184121,491.1745259242361,20382.68535077437,3254.9944692555114,37004.94568206979,495.1284873441765,4022.732529535013,0.0,7435.750445699088,371649.4129005864,1003796.7535456872,601043.8017540025,1069.3013728921958,12772.115519643596,933472.6402860276,204828.4279970715,581328.3995249972,87470.8820231478,188877.4924477224,235289.38830592012,1061.9779950560617,12676.157739329798,94138.84130374232,610642.2906870401,28981.31854557429,121681.64395517865,8728.227371937714,124655.8865087564,34864.00199736182,2506.075084175096,9153.048526702203,2819.663295203842,147360.08111047256
25,1791058.992268999,32482.61864844308,515682.8114933946,259703.56656205512,5731.418479805493,533539.3403363748,228917.7288740161,1094946.4561634436,464436.2262499364,275340.6991164564,845401.2545902679,263181.5450099913,9218.57394922725,4046.646632482272,66965.42298662245,2637165.7440579785,41596.152306820055,120420.88961256883,25326.5723826625,33982.27156852338,1484447.3627126396,6407.121465845301,217983.00305094488,75613.32306627833,13618.311751446268,14473.866160054722,2505.608692231562,28577.06866807315,1040.5707457554115,22745.495969772557,2859.2925353824453,39559.00004752712,464.05225621316407,4878.819556342744,278.9363954251528,5220.011619909694,367852.6281230456,997660.4141954418,561321.373207698,606.9043045164839,16363.927653373306,950990.8537927676,209558.92851623165,568600.9491854386,83958.9343229345,176030.4289944937,229701.3919131689,0.0,9032.036724393003,94993.8745318438,615577.5882100011,26994.112254900385,117854.04456057804,15412.985643990543,124855.28846647612,34255.74684315765,2217.681656193168,10799.380550573936,2291.057051162404,148455.3629789121
26,1789226.0212844878,32680.993402259388,508616.74907659646,289898.25959726766,7530.086420034644,527189.8566467119,224867.28703562293,1093519.7327812086,460918.66949902254,264985.0478998977,844331.9417418906,246591.4144977865,8850.63437093272,4812.669349620319,64939.68776690594,2589747.178544127,42713.36777230485,122946.867027886,26063.837828878783,39546.82509153544,1475148.4220139713,8580.692122425584,190990.55296632447,76022.6659256878,14463.59785710472,14784.350865973403,1844.345323657312,25904.50020427688,1095.838268190786,22683.56372800196,2970.8066210586912,40370.32335678375,432.1742919409244,4942.065215765068,128.70865440696704,4586.244603078507,361946.96945553215,994067.4719813896,533564.8113795975,112.12777313363212,18071.672307474106,943527.4997376404,213576.8913316687,558767.0935839047,84338.16969283804,186301.008161459,232439.5505601788,0.0,10972.354347215727,96965.16672133763,622349.7472893203,27776.80559093912,109569.32273181171,13104.59565188284,131148.25097539724,34702.24606895054,2298.9451832642703,11370.593556737123,1776.8071250792823,148166.16862717344
27,1740617.8060070428,24642.887240017502,565757.7211956279,242724.79648224104,18823.155095899583,529015.8469663342,205371.11317611168,1081670.8260913226,476978.45131891535,232260.6764222646,849269.7953846174,358687.26864442666,23259.684473502934,3674.012268371861,83194.43665386515,3329513.968909554,74277.85900792685,119220.23583764724,19070.65018794531,76162.1630419346,1630325.3410713037,7245.288819356336,126443.64294757308,71494.81266797901,10864.774551502236,18317.0416903939,415.0779621658859,4824.371520825423,3379.2305117177034,24353.009797806462,1968.34892714556,33820.94589884713,87.89912731591417,237.86907494171976,21.67851105211029,12308.281635765688,373016.8818201259,990409.5093497623,1267895.0332519666,148.00404836299649,4413.363695213899,923226.6202113556,207238.8809561386,594949.657112181,86536.71705131365,200294.02245779068,238849.8422816792,128.6669620682289,11107.488385558943,93967.75815046264,624367.3429060471,22021.400534201865,3857.6169772019457,958.129140580087,149089.86606689784,40646.64975677213,2952.8624084246912,211.99099528340784,1091.3509218780966,139568.59980263415
28,1783340.5353560993,32003.01298666284,522700.0054459319,228404.1714054705,12945.316214206809,548236.6389776024,232270.4186017194,1102662.310372991,487542.0831568579,262757.1284304433,850627.5162932136,373260.1560418068,15803.310178393664,1861.5032405812192,89568.90858005083,2938560.762381978,24681.050975236776,117985.29947821288,24938.49745936073,47970.30110461807,1620587.130634163,5628.903062065511,397613.8109537886,74570.04419139637,11596.439700573765,16688.03312534708,1094.926524995118,17905.206975411438,1684.3574129169317,22930.393041971885,5380.250329713046,28161.22412045516,218.40139169178693,2209.120452496118,122.71107725761314,11023.28375129011,373498.9945138682,1002405.034432336,1094091.2268495176,0.0,9718.50509908296,934583.224750401,202896.69041669645,599765.1096298838,82511.03943981607,149883.13522668678,237601.0815992449,2256.4962141813085,7481.746436142704,93733.28330250132,623880.7495380546,20389.40411103749,44149.13929795052,4367.511245646554,132082.67499561794,36653.08082013969,2443.1277807046968,2783.1786698287183,2462.5406504816533,149627.1591284195
29,1816124.853153865,25565.050765303044,530528.4545593271,220534.79240057536,19708.79281455635,526534.3556285164,205449.27598973503,1075934.7973292985,480435.03230896697,238437.98454839177,839274.3366693418,374777.69083885296,24015.254102621428,6749.560762817246,81255.46868840414,3532395.1552166664,59258.16455112808,118461.92048824024,14405.865129979524,84865.8029677384,1663831.4890423955,789.7219958832666,44744.80321244243,74648.23763105342,12043.945889436078,16356.254697514874,0.0,3715.156127994464,3926.769666999469,25880.82824506544,1556.225610011874,27434.47568258415,0.6417225868022407,54.76255520526728,0.0,12846.9522680892,378819.7570516928,990255.0126454874,1257663.8472929797,0.0,3404.8476371390684,931430.7834402184,209378.46158877897,614680.952999634,84907.27813786191,187573.40194264028,248762.2078896405,121.4932783551094,8090.899532654917,86071.95273247635,628091.7770756482,18815.58476424049,4642.508678805938,0.0,151139.6418540713,41678.38168174363,6776.988336475093,164.52023486638274,0.0,135847.37984496274
30,1811079.898056392,29734.104137336788,514255.40229278925,253065.06605923333,10499.872337916702,534295.023292894,229608.6383522691,1097622.9908859124,486318.93190608046,271291.474893122,849605.9093167715,360420.9449007419,11830.103767191908,1305.43269282673,89088.86687519329,2826706.459783728,19072.798118375984,119598.45398917276,26781.99902733382,37019.48954384845,1589999.9155843072,7556.124684055628,392726.43242503866,65911.15673312293,14429.352046863767,12931.807417642622,2369.33168577072,18626.354737602967,958.1934559067467,20750.186680817493,3475.539583541603,33097.68638066828,401.3253386492721,3276.845104485325,131.7757835155346,10092.079463851976,369700.40257441776,1005920.7627925976,909329.3660819218,413.3911320039888,12444.132336679766,948537.530254963,207431.83032455848,590744.3084438208,81304.27172304546,155257.15977586096,236327.5072869596,1724.4547843619653,10321.71767994665,94491.95021897276,618254.0171393254,20406.37670819491,68667.73535404922,10000.838627534002,126928.30785588991,35408.64007775503,2424.9659267962134,7431.73790591838,2488.177362996392,152108.01761150028
31,1806026.402096521,26096.78135977684,519477.2258480234,264107.54520823224,0.0,525375.0287711665,226505.5818960378,1082418.3353441292,468518.1122512139,285257.6005867641,850600.8421898439,247013.34892787927,5186.308686289069,3322.8341672544066,69206.70387921711,2549959.151463172,46756.71559810256,119391.8641517002,29641.72783711412,10559.94219791353,1485669.2162011329,9375.690680522675,259898.0123364076,71442.7066163147,21045.24939296598,14212.853803950657,7556.547260568801,27857.213752602645,64.46497481242139,19082.426445620134,440.232700270076,39336.49861754897,841.962486218944,5682.586369647478,1225.1211533782846,2116.906973682801,362067.2381089709,994421.494962152,220586.5122896839,2456.502003634673,22624.885203894457,950523.5274901624,212780.9886972729,563337.7808318333,73952.48229101597,194802.36647291452,219646.70403247897,1817.1580434481411,14724.31432610802,96367.53856366944,594377.0793067592,30200.866003942898,150247.2563803886,25368.957029268196,114574.03663849409,33380.22489587593,1789.5944051198885,18526.191664715046,3164.58828933008,157485.30454079784
32,1808517.82256125,26148.6342653877,523669.7503312323,292036.20499871933,708.890011135319,523376.86274055456,222542.31758122853,1090168.6126953852,466892.1041745702,285466.45496955427,839122.8068603702,233024.44851139435,3901.603566183155,3460.397326065316,67353.36172270286,2492101.539704186,28851.35751093623,122379.97447151896,30097.468366023557,8736.59961880659,1470464.5948927577,11925.54040712693,242775.2274835545,69146.8251777678,21922.432763845463,12073.136889630254,6822.384183087863,27830.396128645127,0.0,18364.05365853561,632.2470910490808,37840.07303517732,835.2809001476221,6444.850415982441,1027.095760243087,2125.8526764389576,362132.41900355805,986328.8645696694,172616.57675553614,3042.9865276018145,23448.51742275235,942981.488029942,218899.6582080784,563413.6143134384,75868.64204662581,189515.86629340297,222074.544438212,1130.5431615236105,15180.407529728129,96925.909542175,602140.9685032086,30103.97088819192,158227.35519191093,24427.465089048623,116052.49703605796,32841.64607271099,1876.5598973340705,20405.446335168774,3371.087284396559,153441.52231762456
33,1803710.3792272,30517.37239484753,519033.2488783579,303527.0204716132,3370.3135325622543,511831.08386490506,214709.9852802912,1068625.7375286992,464087.8609809371,249830.8199335422,838991.4464090875,273413.4253453664,10089.030004294673,4055.635352987256,73152.78742172297,2628981.1415108405,55581.64261049513,122439.5095024454,27514.98365089796,39738.166853062525,1502124.7646983932,11846.88674237644,205344.99824701145,71983.6047726285,19332.2145402276,16813.04193891254,1316.0691895155571,20020.61454101905,1374.7194020191969,21008.33231924265,2483.052402772657,35700.67139463392,521.4251953064557,4707.36755482164,274.3527855430552,4249.542852487359,357610.5530172167,976435.7098015008,652678.9763567979,542.7943923918622,19280.69402581473,934297.5161332064,226962.0387240256,569299.9579505372,73073.78470792431,207274.9202726245,228662.07491124995,772.1453393619856,14649.812553185937,98326.65784552322,622294.6887674851,29654.5754775104,77219.78059369804,10794.186242273823,135590.34842052116,35276.02699394212,1973.9981329801024,15055.577393873498,2054.0649440012044,150899.82077819217
34,1783540.8721575232,27383.59797477786,514471.1053963783,254220.9564677855,10782.027819441078,529074.0326683681,220102.3699586244,1095886.29985046,480322.1338187104,265545.8256816551,849588.4577126086,336714.02501987293,13872.7465662137,1239.4531479132252,83671.64182233269,2836610.369081252,29625.35294097309,121166.1303804875,25752.120163254527,39180.97949480437,1553678.924502437,11231.047839402008,284672.6857284382,69407.30390244829,13784.940385917813,14465.48166211623,2054.1997499672984,16116.65367004399,1076.2522836881108,20861.00300409089,2879.5562413018697,39805.621639180266,495.7307899443694,2635.336977245687,138.4450664723336,8702.077897790057,370384.0877830329,1001657.4440547666,820843.1891514165,839.2696975916658,11577.063649629645,939042.5210228956,206511.5153491315,589400.3671549172,83541.08661845722,192097.27400723367,232130.5219883245,1165.67741047127,13010.7298790849,93503.46813590424,612266.5005811132,26195.60906534962,81398.83941071789,7764.93633885491,129924.21914557378,36183.38405128914,2925.819039392415,7355.052368043885,2286.843527520281,147925.89781256657
35,1802480.5948029803,24938.940532467022,524248.6562418821,253730.46901827853,7161.394421188143,535886.1248683505,215064.272680553,1081129.809523401,485214.41621091776,268375.761825451,828747.0663428229,340528.352715941,13715.78060914823,2714.2260042487355,84346.50954037251,2841276.651984812,46314.07855791495,120255.16619593668,27403.18598996144,32127.853160624327,1572157.4355026572,7814.403546875139,315593.2849527792,66362.08796562151,17865.813920069213,14813.760299790903,2134.392134337344,18273.509965256468,1219.0815614682278,19353.872219538734,2374.737536351708,23527.28626362401,420.2749387277205,3906.750880144142,333.7970198587011,8182.040731554508,367305.9466354902,1006898.4107705128,743069.9549427902,886.0218873670218,14028.759939746926,943355.106537184,214403.92720247936,574266.5986336573,78280.94917804943,177687.08637837568,235051.03649772063,1263.6362431120776,12582.24752242414,96691.8698688966,613453.9076969356,25514.38313520405,84870.5117624231,8925.49089308941,128685.61318038906,35466.98563314072,1942.6561453763736,13046.156025194308,3068.241336602982,152994.96967426108
36,1795075.6445329634,30853.14197945887,513317.4904904268,323056.8763674974,4698.52868476468,542144.8134273934,236640.2654790856,1097172.1268805382,446524.8582473446,280947.29126548656,835835.9978825896,126057.09102250228,1122.71393541769,6882.482611614286,44608.71453338413,2395621.1024962324,58917.29477171156,120555.94122371676,28796.44335214841,16561.200958376427,1465180.2838669985,3813.215645810416,247809.0609986264,79347.50220405958,19582.463632758077,15901.498107393958,8320.87503629923,37198.77989581769,337.52332263054933,21170.48165540881,1563.555634267084,37055.32770716834,823.1230012856336,8583.333370365006,1064.1970067282282,98.01959205999378,368369.4522790138,993301.8587009816,49359.37597041324,2524.853960827592,26808.629392555533,944946.611994862,216537.71842146048,541813.4989080908,81102.84184943257,151545.8449989194,234878.35946763784,1076.3293524597152,11198.988149815246,98086.14030319432,602591.0497662144,26184.169876897584,170478.75966680222,32955.044869485144,117795.62022274364,32154.81441128026,1135.9982026965044,21677.476290691684,2830.381840315424,148378.30077748475
37,1784596.343216157,30946.14519042051,526211.0833570132,274851.44813261507,10758.665766249223,526479.9276318384,221016.005871343,1089596.2062679727,474651.9486617032,251656.82954750693,849584.5209234883,295509.996859997,11309.130118877169,2857.8933587607667,76613.36838791356,2786693.7197094634,25094.229987501927,121615.09983554874,25718.43572503258,46770.58990895727,1537727.2117477974,10478.762924273196,269265.02455081424,70631.59846278829,18722.070755806584,16110.748433321622,2421.547434481636,15198.965351360452,1452.6158162714787,21482.20121916482,4740.6764256718525,41009.73544267908,593.9753842515898,3401.9808689901283,177.9676709958105,4941.841281539476,371624.1859638731,992212.8654052792,777877.2452870425,993.643811398106,16983.217152897207,938880.9474966282,213288.558114828,584935.168225143,76936.68404429646,187707.7519516804,233168.0267845107,1555.7745900514635,13680.700682243894,94764.52952128106,615341.712932249,27223.08833100408,63459.42237845899,11551.944755643632,138529.95579158122,36289.56201385557,2328.8203090507686,10063.073905369449,2648.7857674268257,144356.46964154506
38,1798799.876637546,26988.06859630308,524034.0711762461,281841.3935797322,0.0,518333.82292042737,225315.64389983547,1085059.212684228,464779.089814862,278471.8481865331,842570.0136036903,249056.35120743065,5239.402107954602,3556.222679229804,68003.8229174442,2601670.2143781646,35782.64643861067,120460.14840208997,28757.733904477653,19462.09703589971,1493563.1495887225,9753.75287519874,238758.7929849563,71304.33555560079,22271.56045683193,13696.198900237085,6256.489525325745,24219.049426254514,237.12367656126796,19158.563683088083,1650.9433217566866,37417.125669041445,768.2798836133056,5324.513847818419,1071.538921842722,2085.0749083277137,362464.7367377269,998125.2102682953,305700.8296838857,2924.33022982422,22972.154389156705,949107.7425355738,219112.22653468675,567567.5735229506,75716.18110937995,189197.51321097856,224710.3648178794,1072.6027086197676,14873.537441265582,96394.0544428361,604407.0286271792,28520.443535235805,130884.30168104504,22656.778670699787,122714.53979570724,34057.30130905579,2349.0366178413037,18012.344929675724,2765.1146166221192,152481.91547100554
39,1805363.811100836,25295.5027671897,518658.917407038,271502.73272906087,0.0,521812.8726226108,224487.37131032115,1079191.8995954478,466298.6783524178,283268.1250219215,849031.8072621949,250000.99972923283,5462.53393697677,3093.905396896161,70060.95135032662,2580621.61439478,43280.69778374653,120104.59929974136,29200.726342103822,12923.123146357852,1487518.38930189,9943.964624102357,243303.42571715897,71924.69924610478,20484.18687275634,13198.168612455656,7136.266176532684,26064.93951088328,44.75038885478925,18960.453950277573,0.0,40230.76066802807,826.6263223838669,5555.42930764122,1181.8238376788136,3131.1025885197223,362400.9670985784,995969.2203773469,270205.84567871125,2888.1218418616195,21478.34043445328,949159.2467079147,214003.61076178143,566758.3753277782,75896.82714633667,195665.77123150547,220699.77544863583,1317.3598243185304,15170.516407470855,95741.97586999983,597785.3833897933,29468.80034786602,145680.247439642,24287.889218233555,116138.6307086008,33489.792581966445,2293.128528524057,18155.43445153669,2879.566323185428,155734.14004538447
40,1744653.0458974058,24553.2595469297,563619.4074798546,244582.3174406397,18364.955697268797,528200.5112161604,205792.48445878617,1080105.9299985878,477209.6826455034,233487.0357094949,848792.8643654314,356244.8283776425,22626.19822042848,3690.5857492872337,83145.75165905182,3301213.601760436,72333.30261845891,119469.11029503956,19407.46793897939,74062.87816267666,1625581.3369509582,7246.904984388348,131001.11817619468,71468.29829453914,11360.297007529232,18088.96436654152,545.0044777710577,5276.823407784333,3266.239644022593,24098.05882351658,1917.3737809855108,33871.108083334286,124.0464996138532,425.518494007568,56.37785660924336,12028.05077719061,372697.43223511527,990585.9546497818,1235531.67355774,212.0182142321416,4977.0745863181055,924580.5109634512,207947.81836251164,595248.5156676917,85812.49102944216,200222.42828140088,238286.5608863616,228.2628951152668,11317.31480276484,93958.49597814288,623452.3957252757,22271.902219364416,8253.204951793994,1586.7207788482829,148128.2941805313,40403.37106356841,2936.68020414325,1002.5156967026696,1156.34684648474,140389.81218535322
41,1732730.1237366754,27369.101045601725,542181.3583155674,252476.8594000169,18994.556513174208,511424.2406266706,215097.13642313943,1076707.5267888764,480077.6370989558,237708.16680987203,854962.6883001348,385669.8084743801,18074.971022193997,0.0,94686.6707194944,3016356.591377425,25010.840394920757,123680.48637237537,22524.935397722867,65979.76234559268,1580531.7946503728,17076.93598169585,258225.0807510334,70067.05341513686,9837.501410145756,14140.073821668928,195.2905969793717,1075.3174856447777,1766.0402532124672,22929.936586440304,4234.28896724387,52471.096279048186,390.3255976706381,0.0,27.522413423865064,12613.600129630742,381632.3841705858,993335.5147947336,1317811.6204693425,532.0398948654505,5252.021474159005,930696.9903873004,208928.90252685305,615147.6829597139,80185.35645189995,209853.98623003188,220157.7334830001,1279.6451925857268,13745.941225061915,93093.91100290087,621058.7027691294,24639.449142639944,10009.1911854118,643.234075344053,145506.4928546426,38286.04166230407,2758.1843910257344,0.0,1033.4667448213263,145566.3024793748
42,1775412.2740361483,25540.6671076126,533239.1439393846,265923.768476235,13722.202299710229,523427.5927407728,208956.29239575512,1086520.1006617183,486427.0269206554,246134.61720876343,851181.4704615182,352917.8492017994,16808.744123380544,1710.2550436302076,86915.36370957443,2979181.844276252,47247.191425325065,121918.05625902662,24760.326592811783,50742.0852051253,1581632.2439310087,12183.333124448827,246240.4139771942,68450.18104928658,12791.188780976992,15035.289427097292,2085.400850121399,11664.685263411002,1938.4798737251929,21189.65937287842,1506.0075331296327,40361.70093188745,357.74098167606843,2234.105179554134,209.9221755084148,11116.581065359487,371024.9427093243,1002734.962744714,1015585.5485512092,894.8082437446479,9473.077763576684,931815.2684530676,206710.04363749735,585364.6568523058,82773.8686911575,195083.7280690933,232520.3062986868,564.0066363510045,13560.836291997544,95852.0275616006,613193.1926159594,23780.6438911866,49515.82923332269,3991.761017880472,137221.1644562861,37034.27940791975,2470.243614438654,6307.346315722858,1952.7165393024245,144798.13789081402
